Crisis Name,Crisis Num.,Actors,Trig Date,Term Date,Summary Link,Summary URL
RUSSIAN CIVIL WAR I,1,RUS,May-18,4/1/20,RUSSIAN CIVIL WAR I,https://drive.google.com/open?id=1Ap2HCkw3jgM0Sfp2SEMMV-WDl-ggpIoS
COSTA RICAN COUP,2,NIC; COS,5/25/18,9/3/19,COSTA RICAN COUP,https://drive.google.com/open?id=1YD1Kmr87mWLCzJaYjlWVA1P3dyBiFT2K
RUSSIAN CIVIL WAR II,3,RUS,6/23/18,9/27/19,RUSSIAN CIVIL WAR II,https://drive.google.com/open?id=1OD2z5MMuVznLBlI0bOqSh9s2HdeMl_x4
BALTIC INDEPENDENCE,4,RUS; EST; LIT; LAT,11/18/18,8/11/20,BALTIC INDEPENDENCE,https://drive.google.com/open?id=12piC2lDpoekIrPj5n8gyO4Sh2X1cTN34
TESCHEN,5,CZE; POL,1/15/19,7/28/20,TESCHEN,https://drive.google.com/open?id=14EfbZeojOFKfOEpVzb4Tq_iS5TI3sFQr
HUNGARIAN WAR,6,HUN; CZE; RUM,3/20/19,8/3/19,HUNGARIAN WAR,https://drive.google.com/open?id=1SCPcxOkR2HgUSAZ4QZ4x2tZRwqLMYiIO
SMYRNA,7,GRC; ITA,Mar-19,7/29/19,SMYRNA,https://drive.google.com/open?id=1CulVV8echZBfM7SagVGKJvhYHYIzaE5E
THIRD AFGHAN WAR,8,AFG; UKG,4/15/19,8/8/19,THIRD AFGHAN WAR,https://drive.google.com/open?id=1hx_9asuaqhMuG6DOHidh2SLgWky7ib8J
FINNISH/RUSSIAN BDR.,9,RUS; FIN,4/20/19,10/14/20,FINNISH/RUSSIAN BDR.,https://drive.google.com/open?id=1DS-rd-joKrGhuAmsBJFaiSczjpEPyQh5
BESSARABIA,10,RUS; RUM,4/30/19,3/2/20,BESSARABIA,https://drive.google.com/open?id=1Z0ujhmjflargSsR8CZIq-6KM6QfK2RYt
CILICIAN WAR,11,TUR; FRN,Nov-19,10/20/21,CILICIAN WAR,https://drive.google.com/open?id=1eKTX-VZNa_3DUuSiVYlJubRPuFJmGSX1
RHENISH REBELLIONS,12,FRN; GMY,4/3/20,5/17/20,RHENISH REBELLIONS,https://drive.google.com/open?id=1Zla0-MNjwpxJ-wQRQch_FZgrv23VcNwc
POLISH/RUSSIAN WAR,13,RUS; POL,4/25/20,10/12/20,POLISH/RUSSIAN WAR,https://drive.google.com/open?id=1uqzrOMi7gx5Hjmv0vOKZYTPidDTsiDiB
PERSIAN BORDER,14,RUS; IRN,May-20,2/26/21,PERSIAN BORDER,https://drive.google.com/open?id=17L_umy1e8dhIUeyWYOFKnOiBfIvgJ1Yi
AALAND ISLANDS,15,SWD; FIN,6/5/20,10/20/21,AALAND ISLANDS,https://drive.google.com/open?id=1rKwACIvK4GnK4Uk4WTezMojv1xBmlOQ3
GREECE/TURKEY WAR I,16,TUR,6/22/20,7/9/20,GREECE/TURKEY WAR I,https://drive.google.com/open?id=1O2xbnCgm47avGircRwXddCseX8sG2wUI
VILNA I,17,POL; LIT,7/12/20,11/29/20,VILNA I,https://drive.google.com/open?id=1DlKI-LiRv9OFSxauOcoYoQrkeEXNGgGs
GREECE/TURKEY WAR II,18,TUR,1/6/21,9/12/21,GREECE/TURKEY WAR II,https://drive.google.com/open?id=1xbE3AeuGEaexVLTbb8QUWQwpDhgnuZST
COSTA RICA/PANAMA BDR,19,PAN; COS,2/21/21,8/24/21,COSTA RICA/PANAMA BDR,https://drive.google.com/open?id=1lBN9JKbmDdk3Qxa9jdYRAl4bthYWqQ6X
GERMAN REPARATIONS,20,GMY; BEL; NTH,3/3/21,5/11/21,GERMAN REPARATIONS,https://drive.google.com/open?id=16vwweBLmSthIqm1a1dqoz0smOAWQqChz
KARL'S RETURN HUNGARY,21,CZE; YUG; HUN,3/27/21,11/15/21,KARL'S RETURN HUNGARY,https://drive.google.com/open?id=1Ga0m_gPfCtqceV8qYSDSPmeijZbBwD1-
AUSTRIAN SEPARATISTS,22,YUG; AUS,5/11/21,6/21/21,AUSTRIAN SEPARATISTS,https://drive.google.com/open?id=14miS-ooRAL5k2tkzQECT6vx73fxGRc9q
ALBANIAN FRONTIER,23,ALB; YUG,7/7/21,11/18/21,ALBANIAN FRONTIER,https://drive.google.com/open?id=1dpBsLyUQOYbaEyxENN8vlFkjYE8heuZj
BURGENLAND DISPUTE,24,HUN; AUS,8/28/21,12/28/21,BURGENLAND DISPUTE,https://drive.google.com/open?id=1kg3PxmS-Ywzod5wpj_Z8oJdZF-kmnx-N
GREECE/TURKEY WAR III,25,GRC; ITA,8/26/22,9/15/22,GREECE/TURKEY WAR III,https://drive.google.com/open?id=1kJs_mnXZG5jaa3oz-cmTTIC1tbMGhkWT
CHANAK,26,TUR; UKG,9/23/22,10/11/22,CHANAK,https://drive.google.com/open?id=1ZK4UT8QXyph1SJbXBe03-dE7UfObyd9K
RUHR I,27,POL; GMY; NTH,1/22/23,9/27/23,RUHR I,https://drive.google.com/open?id=1_L_LXzXzCqk8oy7aNpVRFCkYvvURW3ZN
CORFU INCIDENT,28,GRC,8/31/23,9/29/23,CORFU INCIDENT,https://drive.google.com/open?id=16_BIfH9TviMqU_0mFB21-SYq4MVhhuQG
HIJAZ/NAJD WAR,29,NAJ; HIJ,3/7/24,12/19/25,HIJAZ/NAJD WAR,https://drive.google.com/open?id=13Ij7yClR3RSd0CVK7ChiQhhVYNUEBi5F
RUHR II,30,GMY; FRN,4/29/24,8/30/24,RUHR II,https://drive.google.com/open?id=1mlEFkJp3-gSAGBGsYFiJqj8hMondlhNg
MOSUL LAND DISPUTE,31,TUR; UKG,9/29/24,11/15/24,MOSUL LAND DISPUTE,https://drive.google.com/open?id=1Odosb7NbjrHw-jMxEeLFdWpiD6qMr8S3
BULGARIA/GREEK FRONT,32,GRC; BUL,10/19/25,12/15/25,BULGARIA/GREEK FRONT,https://drive.google.com/open?id=1mu1bbTgodf79ijf0WvQIKelutEGQj3kj
NICARAGUA CIVIL WAR I,33,NIC,8/17/26,5/15/27,NICARAGUA CIVIL WAR I,https://drive.google.com/open?id=1lbVTzOj-llwf3z4obRAZl1JGq-9mgbOf
HEGEMONY OVER ALBANIA,34,YUG; ALB; ITA,11/28/26,11/22/27,HEGEMONY OVER ALBANIA,https://drive.google.com/open?id=1gvtquGDvLCTOn7DaIxVtQ1YyfEVpwDbm
SHANTUNG,35,CHN; JPN,5/28/27,3/28/29,SHANTUNG,https://drive.google.com/open?id=1Oy53Y-dLL5zyc-cn0LG2aYR45x2Ql4lu
VILNA II,36,LIT; POL,Oct-27,12/10/27,VILNA II,https://drive.google.com/open?id=1-wW0RAG0tD1dosvY5BI070Vduww8VP5w
CHACO I,37,BOL; PAR,12/5/28,9/12/29,CHACO I,https://drive.google.com/open?id=1vMidmXmBmA-O09kTP5cziwSxjVBOxOdM
CHINESEE RAILWAY,38,RUS; CHN,7/10/29,12/22/29,CHINESEE RAILWAY,https://drive.google.com/open?id=1n2rbnio9DIwjpYEjg2fHR1OrBUG71d5T
MUKDEN INCIDENT,39,CHN; JPN,9/18/31,2/18/32,MUKDEN INCIDENT,https://drive.google.com/open?id=1pE_ioklA4ILTwQ8PMgYt3yZV7vDS-ehz
SHANGHAI,40,CHN; JPN,1/24/32,5/5/32,SHANGHAI,https://drive.google.com/open?id=145MmfCnR6sWP4UYqCF9FXZ2bzTdFWRMy
CHACO II,41,PAR; BOL,6/18/32,6/12/35,CHACO II,https://drive.google.com/open?id=1nKZOmypQpSsXOdcF8TNbgxVRtLessnW-
LETICIA,42,COL; PER,9/8/32,5/25/33,LETICIA,https://drive.google.com/open?id=1iyWOsAbDP4dNyLKTp_knEUDRWOaCU1Kx
JEHOL CAMPAIGN,43,CHN,2/23/33,5/31/33,JEHOL CAMPAIGN,https://drive.google.com/open?id=10X5gu-sL_1y8uOPYl5pWrTOEemCVHVj9
SAUDI/YEMEN WAR,44,SAU; YEM,12/18/33,5/20/34,SAUDI/YEMEN WAR,https://drive.google.com/open?id=1hUpA-ceOKz4IgLT_seXZ07-SvKqNnUBM
AUSTRIA PUTSCH,45,AUS; CZE; ITA YUG,7/25/34,7/31/34,AUSTRIA PUTSCH,https://drive.google.com/open?id=1M-VX_BOwb2IV98SNmFhzB2IvUtfnB3V5
ASSN. KING ALEXANDER,46,YUG; HUN,10/8/34,12/10/34,ASSN. KING ALEXANDER,https://drive.google.com/open?id=1-mv7OLh99FZyFUixc3acu3i02l7PN-j5
ETHIOPIAN WAR,47,ETH; UKG; FRN; ITA,12/6/34,5/5/36,ETHIOPIAN WAR,https://drive.google.com/open?id=124O2g93aDyxHwlbvb4IFvn82TXVO_TYo
BULGARIA/TURKEY,48,BUL; TUR,3/6/35,8/31/35,BULGARIA/TURKEY,https://drive.google.com/open?id=1Q_JGwIwFmHe_vm2pfy19fmvysVzyFzU8
KAUNAS TRIALS,49,LIT,3/28/35,9/25/35,KAUNAS TRIALS,https://drive.google.com/open?id=1so-M6xifrjvwDLUD0UvIJgFoARaKugb4
ECUADOR/PERU BDR. I,50,PER; ECU,11/1/35,11/30/35,ECUADOR/PERU BDR. I,https://drive.google.com/open?id=1QQwBtQPDSK6YqA8Xfm5a5l2rF85Edwe-
REMILIT. RHINELAND,51,BEL; CZE; POL; RUM; YUG;FRN; UKG,3/7/36,4/16/36,REMILIT. RHINELAND,https://drive.google.com/open?id=1A4Bt8NWZkplsRDQNgwIKUZIpnbcM1ddq
SPANISH CIVIL WAR I,52,SPN,7/17/36,3/18/37,SPANISH CIVIL WAR I,https://drive.google.com/open?id=187rh7YufsRh6V9rpK-hFay5QVhVNXfCb
ALEXANDRETTA,53,TUR; FRN,9/9/36,6/23/39,ALEXANDRETTA,https://drive.google.com/open?id=1RLtPRQkOUUnTG2ePIDeBdZKUqUp-0sEd
SPANISH CIVIL WAR II,54,ITA; GRM; SPN,5/24/37,5/31/37,SPANISH CIVIL WAR II,https://drive.google.com/open?id=1zyFZ5ihDHeP6qW33VAWfaJD5ShtSSG3x
AMUR RIVER INCIDENT,55,JPN; RUS,6/22/37,7/4/37,AMUR RIVER INCIDENT,https://drive.google.com/open?id=1_s1DEDC17DrdHeOjk2nDbcZe0LYsvtqL
MARCO POLO BRIDGE,56,CHN; JPN,7/8/37,1/16/38,MARCO POLO BRIDGE,https://drive.google.com/open?id=1039yRoS68AUvfyATnLWgkqvdZGmSrCwu
POSTAGESTAMP CRISIS,57,HON; NIC,Aug-37,12/10/37,POSTAGESTAMP CRISIS,https://drive.google.com/open?id=1ppFv3imAfief05mMbVxmyr3S71N864Yf
DOM. REP./HAITI I,58,HAI,10/5/37,1/31/38,DOM. REP./HAITI I,https://drive.google.com/open?id=1-grfToQhGfIZX2bi22s5nksyoZD1s3FH
PANAY INCIDENT,59,USA,12/12/37,12/26/37,PANAY INCIDENT,https://drive.google.com/open?id=11uGh1KQV-Tv-diKQowaMLw3ZezvStC1T
ANSCHLUSS,60,AUS; GMY,2/12/38,3/14/38,ANSCHLUSS,https://drive.google.com/open?id=1zDf2zgmnT1BMfi901QnE6Q35eUM3FhjO
POLISH ULTIMATUM,61,LIT,3/13/38,3/19/38,POLISH ULTIMATUM,https://drive.google.com/open?id=1t26m00sHpdLSdgHlMRb8PkieDwMoy7Nv
CZECH. MAY CRISIS,62,CZE; FRN; UKG; GMY,5/19/38,5/23/38,CZECH. MAY CRISIS,https://drive.google.com/open?id=12jjMc6TscOYn4Cufnaa_DFQxwZvvl3gQ
CHANGKUFENG,63,JPN; RUS,7/13/38,8/11/38,CHANGKUFENG,https://drive.google.com/open?id=1KazlPYi_pgoYkHKbRDITWwu_JLf6EYBN
MUNICH,64,CZE; FRN; UKG; RUS,9/7/38,Oct-38,MUNICH,https://drive.google.com/open?id=1-xgh3GkXxSjM390DtMewGvPj087hjYn5
SPANISH CIVIL WAR III,65,SPN,10/30/38,11/18/38,SPANISH CIVIL WAR III,https://drive.google.com/open?id=10iq8eZcUCYiv-cmbznpSAggHkfEPs9FT
ITALY THREAT/FRANCE,66,FRN,11/30/38,3/31/39,ITALY THREAT/FRANCE,https://drive.google.com/open?id=1-wz3RirVvAK2kxbrIVgg9WL4fxxr6DkR
SPANISH CIVIL WAR IV,67,SPN,12/23/38,3/31/39,SPANISH CIVIL WAR IV,https://drive.google.com/open?id=1mb57hQR1WPUufXze1qudZ3ehckRIiT07
CZECH. ANNEXATION,68,CZE,3/14/39,3/15/39,CZECH. ANNEXATION,https://drive.google.com/open?id=1vvf7N3PmZ86CpU87uRtxCYWNA0xMibVj
MEMEL,69,LIT,3/15/39,3/22/39,MEMEL,https://drive.google.com/open?id=1Uuhp_9-vRfh5HE323zEWz5Jfb6wACKzz
DANZIG,70,POL,3/21/39,4/6/39,DANZIG,https://drive.google.com/open?id=1OddByKDTqXvJ60pFXYkT7kgZQzUdFlaI
INVASION OF ALBANIA,71,ALB; FRN; GRC; UKG,3/25/39,4/13/39,INVASION OF ALBANIA,https://drive.google.com/open?id=1GlqKnFkF_yOGfNRUlqmp8Xlr0V6WwHfT
NOMONHAN,72,JPN,5/28/39,9/15/39,NOMONHAN,https://drive.google.com/open?id=1e0K8UVni8VZYGuefJlXdxaGi8yb9-5np
TIENTSIN,73,UKG,6/14/39,8/29/39,TIENTSIN,https://drive.google.com/open?id=17AO5RuFvbY0KcecaZFdUYp14g4OrupEn
ENTRY WWII,74,LAT; JPN; UKG; RUS; LUX; SWZ; DEN; EST; FIN; NOR; RUM; SWD; LIT; AUL; BEL; FRN; NTH; NEW; CAN; POL; SAF,8/20/39,9/28/39,ENTRY WWII,https://drive.google.com/open?id=1B2xLR9z6h76j8yvneGZs2T785doMIxvj
SOVIET OCCUP.-BALTIC,75,EST; LAT; LIT,9/26/39,10/10/39,SOVIET OCCUP.-BALTIC,https://drive.google.com/open?id=1nGHXpFlpfKmi3bsASZ9feXNUgwJWhWf7
FINNISH WAR,76,FIN; SWD; FRN; UKG,10/6/39,3/13/40,FINNISH WAR,https://drive.google.com/open?id=1P5H4LDpblAcphQQbPXs5IAKjalGMV1gh
INVAS.-SCANDINAVIA,77,NOR; DEN; NTH; FRN; UKG,4/8/40,6/10/40,INVAS.-SCANDINAVIA,https://drive.google.com/open?id=1H5SQ3dMa3FL5YhMWNT_oKgIiqVEX6g2Z
FALL OF WEST EUROPE,78,LUX; NTH; BEL; UKG; FRN,5/10/40,6/22/40,FALL OF WEST EUROPE,https://drive.google.com/open?id=1tbryDHdi-trL-ZB74_hmPDdcQQcuI6N-
CLOSURE-BURMA ROAD,79,UKG,6/24/40,7/14/40,CLOSURE-BURMA ROAD,https://drive.google.com/open?id=1k7v7anXmIGLdObwYRtx4tM5gmfeC1t6G
ROMANIAN TERRITORY,80,RUM; RUM; RUM,6/26/40,9/7/40,ROMANIAN TERRITORY,https://drive.google.com/open?id=124sPHUMqScXhYl4xOAzfyOnvyisktDDR
BATTLE OF BRITAIN,81,UKG,7/10/40,9/15/40,BATTLE OF BRITAIN,https://drive.google.com/open?id=1chCukIjkWUb55m8mqgC2uHKrdDNXLQOG
E. AFRICA CAMPAIGN,82,UKG; ITA,8/19/40,5/17/41,E. AFRICA CAMPAIGN,https://drive.google.com/open?id=1lbKBzSg5r0qp2slOrOWGSHWSnen6mid_
BALKAN INVASIONS,83,GRC; YUG; UKG; TUR; ITA; GMY; YUG; GRC; UKG,10/28/40,6/1/41,BALKAN INVASIONS,https://drive.google.com/open?id=1TzGoJTRvstn0X0ClzKD7Q49OTllFccyI
MID-EAST CAMPAIGN,84,IRQ; UKG; GMY; VFR,4/29/41,7/14/41,MID-EAST CAMPAIGN,https://drive.google.com/open?id=10K0q9lEMG6Jgk05E2mKtT8MBoEM-AgtG
BARBAROSSA,85,RUS; RUS,6/22/41,12/5/41,BARBAROSSA,https://drive.google.com/open?id=17HpWE5mQ6bN-sxVcmeRHDOBknzn9PdC1
ECUADOR/PERU BDR II,86,ECU; PER,7/5/41,1/29/42,ECUADOR/PERU BDR II,https://drive.google.com/open?id=1mHMNYMyo-OSTcR1zqO5XXM5f5S6uHBCf
OCCUPATION OF IRAN,87,IRN,8/25/41,1/29/42,OCCUPATION OF IRAN,https://drive.google.com/open?id=1tyBLL7wfk0j0voc5Wer4IIuUoEsJqlea
PEARL HARBOR,88,JPN; UKG; NTH; AUL; NEW; CAN; USA; THI; GMY; ITA,11/26/41,6/7/42,PEARL HARBOR,https://drive.google.com/open?id=1MylOHiJxqRwmnya4okojx7g5nmuxHYPl
STALINGRAD,89,RUS; GMY,6/28/42,2/2/43,STALINGRAD,https://drive.google.com/open?id=1TH48hbyP3HgWD0loCF6c_yt3MQ5SPQro
EL ALAMEIN,90,GMY; ITA,10/23/42,5/13/43,EL ALAMEIN,https://drive.google.com/open?id=19zf-hUOGqjM32HTnzQg0Jf_8hVK7kzN4
FALL OF ITALY,91,ITA; GMY,7/9/43,9/11/43,FALL OF ITALY,https://drive.google.com/open?id=15T8Bo6d3JjxRZuU7eGrDgGrtpk_JhVaq
GERMAN OCCUP.-HUNGARY,92,HUN,3/13/44,3/19/44,GERMAN OCCUP.-HUNGARY,https://drive.google.com/open?id=1Wk0Rcr3PtovEYYy6LitE_Un2K16MRvQm
SOVIET OCCUP.-E. EUR,93,RUM; GMY; HUN; GMY,3/26/44,2/13/45,SOVIET OCCUP.-E. EUR,https://drive.google.com/open?id=1x8gWpAwkNKaal7HKjQv84tT2xKlxHQyl
D-DAY,94,GMY,6/6/44,5/7/45,D-DAY,https://drive.google.com/open?id=1rr2NMU8aSMhH2ztv1L1hMQhVDl6tx6fz
FALL OF SAIPAN,95,JPN,7/9/44,7/18/44,FALL OF SAIPAN,https://drive.google.com/open?id=1EOn0AyWZFSxY1gFEUmEjO9NDoKyQMV0c
IRAN-OIL CONCESSIONS,96,IRN,9/26/44,12/9/44,IRAN-OIL CONCESSIONS,https://drive.google.com/open?id=1ny9tFh_UYmLrVsUCXY4ZUTIxojd49L-3
LEYTE CAMPAIGN,97,JPN,10/20/44,12/26/44,LEYTE CAMPAIGN,https://drive.google.com/open?id=1HqxGCoino2UYJkw_w3rGbj-ruD-A0pQA
GREEK CIVIL WAR I,98,UKG,12/3/44,1/15/45,GREEK CIVIL WAR I,https://drive.google.com/open?id=1raC5934Q0q_G82fg15XA-BLS8tVX9RZG
LUZON,99,JPN,1/9/45,3/3/45,LUZON,https://drive.google.com/open?id=1IGZrXOJBOlGIrf8vGtX4WQW1-ZBOC02M
FINAL SOVIET OFFENS.,100,GMY,1/11/45,5/7/45,FINAL SOVIET OFFENS.,https://drive.google.com/open?id=14RWt-AdbH6RIEzgrY-gvdemMbf41l-XP
IWO JIMA,101,JPN,2/19/45,3/16/45,IWO JIMA,https://drive.google.com/open?id=1hTdQ4Zt9I8KYnyhMeQwz1TT8N2UxbKk5
COMMUNISM IN ROMANIA,102,RUS; RUM,2/24/45,3/6/45,COMMUNISM IN ROMANIA,https://drive.google.com/open?id=1HmCbhnFEaguUDwIRO_p06SAj_fJGFTQX
OKINAWA,103,JPN,4/1/45,6/21/45,OKINAWA,https://drive.google.com/open?id=1IiqvPSuOrKWHoWGPT3l5S5j5kMTwitvN
TRIESTE I,104,UKG; USA; YUG,5/1/45,6/11/45,TRIESTE I,https://drive.google.com/open?id=16kI0PyNUVqyesAXGdbZfecA_bLMEc3kN
FRENCH FORCES/SYRIA,105,SYR; FRN,5/17/45,6/3/45,FRENCH FORCES/SYRIA,https://drive.google.com/open?id=19rb4a9uG60x1uSQC6NaOtl-YkEW-078S
KARS-ARDAHAN,106,TUR,6/7/45,4/5/46,KARS-ARDAHAN,https://drive.google.com/open?id=1gqA0ADIDdgLFL34axgLELWHtAmjOZoM7
HIROSHIMA-NAGASAKI,107,JPN,8/6/45,9/2/45,HIROSHIMA-NAGASAKI,https://drive.google.com/open?id=1hQCvMz2dZqyfg8i-B-zmW53z0qoOSsUX
AZERBAIJAN,108,IRN; UKG; USA; RUS,8/23/45,5/9/46,AZERBAIJAN,https://drive.google.com/open?id=1AoHKUfNo72y3vjjVjZSM8okfNzNjS2Ae
INDONESIA INDEP. I,109,NTH; INS,9/29/45,3/25/47,INDONESIA INDEP. I,https://drive.google.com/open?id=1lZIb742LdE7lQYqtBPHGM4YmT7y1KXMf
COMMUNISM IN POLAND,110,RUS,6/30/46,1/19/47,COMMUNISM IN POLAND,https://drive.google.com/file/d/1pE6t3Vl4D8LaZB-ormOeu0JJmzqv15Md/view?usp=drive_link
TURKISH STRAITS,111,TUR; USA,8/7/46,10/26/46,TURKISH STRAITS,https://drive.google.com/open?id=1PFdltwUutyZqTHICcmK_Y9e8rcPDgKYd
GREEK CIVIL WAR II,112,GRC,11/13/46,2/28/47,GREEK CIVIL WAR II,https://drive.google.com/file/d/1g7k8XQlyLbXutKoQ5Cc79m-u0qLG2adc/view?usp=drive_link
COMMUNISM IN HUNGARY,113,RUS; HUN,2/10/47,6/1/47,COMMUNISM IN HUNGARY,https://drive.google.com/open?id=1X16EdL1iEA0hnDY7TVWRVhSFx6chixfI
TRUMAN DOCTRINE,114,GRC; TUR; USA,2/21/47,5/22/47,TRUMAN DOCTRINE,https://drive.google.com/open?id=17aSeWCaSvAJQRbrhjLHXUL8OK1Mxz4vr
MARSHALL PLAN,115,RUS; CZE,7/3/47,7/11/47,MARSHALL PLAN,https://drive.google.com/open?id=1FCxmvYxiBHEfjzdgI8kc92h02fQonAQQ
INDONESIA INDEP. II,116,INS; NTH,7/21/47,1/17/48,INDONESIA INDEP. II,https://drive.google.com/open?id=1o1fpjmXRyVl2ht3G-FBGvQkrtqvueuPj
CUBA/DOMINICAN REP.,117,DOM,7/26/47,9/28/47,CUBA/DOMINICAN REP.,https://drive.google.com/open?id=1MzhW4LvnV4kUDmyHz5XpK2y60qEFn1Yq
JUNAGADH,118,IND; PAK,8/17/47,2/24/48,JUNAGADH,https://drive.google.com/open?id=1qZjPEsGR6xkrAzQvHFic2x_FTOCg6Qcp
KASHMIR I,119,IND; PAK,10/24/47,1/1/49,KASHMIR I,https://drive.google.com/open?id=1CMKJMJS_RjQ4UZJYT6U3OTT36Z3GAfVz
PAL. PRT./ISRAEL IND.,120,IRQ; EGY; LEB; JOR; SYR; ISR,11/29/47,7/20/49,PAL. PRT./ISRAEL IND.,https://drive.google.com/open?id=1WijsUq89gbx1cLqsuJBk_TudhJqLnNdc
COMMUNISM IN CZECH.,121,RUS; CZE,2/13/48,2/25/48,COMMUNISM IN CZECH.,https://drive.google.com/open?id=1ImftTX-AuIfs_7x9MXokDBvKJE0Jg_wX
SOV. NOTE/FINLAND I,122,FIN,2/22/48,4/6/48,SOV. NOTE/FINLAND I,https://drive.google.com/open?id=1ImnIlUO6NRxXS2qWWXDs3lWcvV0nElO-
BERLIN BLOCKADE,123,RUS; FRN; UKG; USA,6/24/48,5/12/49,BERLIN BLOCKADE,https://drive.google.com/file/d/1RUSWB15iL5pOZpcutlQ6wSeqjoY74_XS/view?usp=drive_link
HYDERABAD,124,IND,8/21/48,9/18/48,HYDERABAD,https://drive.google.com/open?id=1gpoqtY4gOD0lDutvcEAW1qGWNUtMlJ3M
CHINA CIVIL WAR,125,USA; CHN,9/23/48,12/8/49,CHINA CIVIL WAR,https://drive.google.com/open?id=1Oe8az_Fqk5nPjM5Z0OBkl47SHZ8vdJ40
COSTA RICA/NIC. I,126,COS,12/11/48,2/21/49,COSTA RICA/NIC. I,https://drive.google.com/open?id=12OaTs2daDH0cwq6L7QaVN0NqXqQSCVcb
INDONESIA INDEP. III,127,INS; NTH,12/19/48,12/27/49,INDONESIA INDEP. III,https://drive.google.com/open?id=1mJVkFM83YVlkJ5vwpDMUWGVkCZW1r9xl
SINAI INCURSION,128,EGY; UKG; ISR,12/25/48,1/10/49,SINAI INCURSION,https://drive.google.com/open?id=1vhpbwc3wV4lxwusoQV7zSv7gyf7l33WH
PUSHTUNISTAN I,129,AFG; PAK,Mar-49,10/5/50,PUSHTUNISTAN I,https://drive.google.com/open?id=1FkRbh9qGRBE-2vzWPXcnkfkKoTDpDFtK
LUPERON,130,DOM,6/19/49,6/21/49,LUPERON,https://drive.google.com/open?id=1Dv5-Vr_pnlYSRTRdxOmHhL-xWelqlLw6
SOV. BLOC-YUGOSLAVIA,131,YUG,8/19/49,Nov-51,SOV. BLOC-YUGOSLAVIA,https://drive.google.com/open?id=1O7kgPWw2vIujksDXf5jLDu1qKM0GigcO
KOREAN WAR I,132,ROK; USA; CHN; TAW,6/25/50,9/30/50,KOREAN WAR I,https://drive.google.com/open?id=1e4puxdpoRI4VGZKvG9VwCSATU_oJu6rH
KOREAN WAR II,133,PRK; CHN; RUS; USA; ROK,9/30/50,7/10/51,KOREAN WAR II,https://drive.google.com/file/d/1_0_eMigX9NP4YkMZKq928k18Aaf0IpQl/view?usp=sharing
HULA DRAINAGE,134,SYR; ISR,2/12/51,5/15/51,HULA DRAINAGE,https://drive.google.com/open?id=1ios6TCQpRlneJr8cWMCf-oFbUewBDqiB
PUNJAB WAR SCARE I,135,IND; PAK,7/7/51,Aug-51,PUNJAB WAR SCARE I,https://drive.google.com/open?id=1xac1hqmQ68J3WUPsrHf9bnL2vnNY7tsq
SUEZ CANAL,136,EGY; UKG,7/30/51,1/30/52,SUEZ CANAL,https://drive.google.com/open?id=1DCsjAcK86U-AKD-7JEXtw0mfpHDgcVcY
CATALINA AFFAIR,137,SWD,6/16/52,Jul-52,CATALINA AFFAIR,https://drive.google.com/open?id=1Bdpo2DMQVTWBG-PjllxQKCvMmz9Jg2wO
BURMA INFILTRATION,138,MYA,2/8/53,10/15/54,BURMA INFILTRATION,https://drive.google.com/open?id=177EsGttn6CrYfrVCn--ePak-dBdN8NHg
INVASION OF LAOS I,139,FRN; LAO,3/24/53,1953,INVASION OF LAOS I,https://drive.google.com/open?id=1lq1yFOGm0h_pBTFMjUtAu-Shtdi1Nm0D
KOREAN WAR III,140,USA; CHN; PRK; ROK,4/16/53,7/27/53,KOREAN WAR III,https://drive.google.com/open?id=1HPfwwWx8QOc-Ocd7pWcWyUP117Qhca2D
E. GERMAN UPRISING,141,RUS,6/17/53,7/11/53,E. GERMAN UPRISING,https://drive.google.com/open?id=1GMPAEe23UzNVfEc5JGjUbaYJ8PiFm5tF
TRIESTE II,142,YUG; ITA,10/8/53,12/5/53,TRIESTE II,https://drive.google.com/open?id=1qS52z7OkxC4kmxe0HYlA0gAERdM1EgV3
QIBYA,143,JOR,10/14/53,Oct-53,QIBYA,https://drive.google.com/open?id=1Pr6HUmz3cvL3q7W1uiyj3xADpFWkujSb
GUATEMALA,144,GUA; USA; HON,12/12/53,6/29/54,GUATEMALA,https://drive.google.com/open?id=1qJhGZU3ZIWBDw3iFtYlRoSvxK5sZSHrH
DIEN BIEN PHU,145,FRN; USA; UKG,3/13/54,7/21/54,DIEN BIEN PHU,https://drive.google.com/open?id=1WwmY5td720RPtgLUilkuw6TaMNV58TDr
TAIWAN STRAIT I,146,CHN; TAW; USA; TAW,Aug-54,4/23/55,TAIWAN STRAIT I,https://drive.google.com/open?id=1H7L1o-_O5Pd2nvFmLORe_FD_QlBw1MYf
COSTA RICA/NIC. II,147,COS; NIC,1/8/55,1/20/55,COSTA RICA/NIC. II,https://drive.google.com/open?id=1PniDxZHBxmkLkoYOApkFx8_TCc3wA2mM
BAGHDAD PACT,148,EGY,2/24/55,Oct-55,BAGHDAD PACT,https://drive.google.com/open?id=1NkvG4xMm_dE_onaHWz2f9Q9YBNvQ0KUp
GAZA RAID-CZECH. ARMS,149,EGY; ISR,2/28/55,6/23/56,GAZA RAID-CZECH. ARMS,https://drive.google.com/open?id=1sIojnyyxKIbw5eI-M8ff9EfCKRC9nEPo
PUSHTUNISTAN II,150,AFG; PAK,3/27/55,Nov-55,PUSHTUNISTAN II,https://drive.google.com/open?id=1KEUpYfNZrBEbrk44qi_ZpU3BNtlgYyJf
GOA I,151,POR,8/10/55,9/6/55,GOA I,https://drive.google.com/open?id=1vLXp1AdayRlgyoNOkAbhPb9Zskkiim6P
SUEZ NATN.-WAR,152,FRN; UKG; EGY; RUS; USA; ISR,7/26/56,3/12/57,SUEZ NATN.-WAR,https://drive.google.com/open?id=1j-O7kMT6KZywjqz0RZfo9ulKrsTqHfX-
QALQILYA,153,JOR; ISR,9/13/56,Oct-56,QALQILYA,https://drive.google.com/open?id=15pZUo4RqBTqZgo-fa8Y8mecPWBx8YuRW
POLAND LIBERALIZATION,154,RUS; POL,10/15/56,10/22/56,POLAND LIBERALIZATION,https://drive.google.com/open?id=19z2vP1Km4XjjE7VVYZbuOoR9doqhTk7p
HUNGARIAN UPRISING,155,RUS; HUN,10/23/56,Jan-57,HUNGARIAN UPRISING,https://drive.google.com/open?id=1yRGv3wOISLCIrY9cQRTCIpBstk5KukRw
MOCORON INCIDENT,156,NIC; HON,2/26/57,5/9/57,MOCORON INCIDENT,https://drive.google.com/open?id=1DiLIWJWuzQbsmfjMmtnIhDIuWk82bYaE
JORDAN REGIME,157,JOR,4/4/57,5/3/57,JORDAN REGIME,https://drive.google.com/open?id=1d2yESt10DKbM3QFUI3Xg4WG9v--TM6y3
FRANCE/TUNISIA,158,TUN,5/31/57,6/17/58,FRANCE/TUNISIA,https://drive.google.com/open?id=1x2xYEtmYXeZZyXexrdGCM3nF_M_w8ZJk
SYRIA/TURKEY CONFRNT.,159,TUR; USA; SYR,8/18/57,10/29/57,SYRIA/TURKEY CONFRNT.,https://drive.google.com/open?id=1d3-v_C1rY2JR6MZXZ_mHxkVcX0C4Z5Xf
IFNI,160,SPN,11/23/57,Apr-58,IFNI,https://drive.google.com/open?id=1DGagK88WvDDEf7JOH4xGNpfSbX3MnhDO
WEST IRIAN I,161,NTH,12/1/57,,WEST IRIAN I,https://drive.google.com/open?id=1E1M0Lt-t2mIZFsv8vRonX6SYmfxwsxWA
FORMATION OF UAR,162,IRQ; JOR,2/1/58,2/14/58,FORMATION OF UAR,https://drive.google.com/open?id=1MAc540x-z8-uK_ztgU__KHwJbpzf7YKB
EGYPT/SUDAN BORDER I,163,SUD,2/9/58,2/25/58,EGYPT/SUDAN BORDER I,https://drive.google.com/open?id=1nC2J8x1IF4K9rhnUVh5zZGXZSn8K7KWx
ABORT. COUP INDONESIA,164,INS,2/21/58,5/20/58,ABORT. COUP INDONESIA,https://drive.google.com/open?id=1Vxu4AnAtDYqgQkkBAoqliESImxyO2sWl
IRAQ/LEB. UPHEAVAL,165,LEB; JOR; UKG; USA,5/8/58,Oct-58,IRAQ/LEB. UPHEAVAL,https://drive.google.com/open?id=1hKND8oRX34xzeinFz262B9tSGpk5Jkbb
TAIWAN STRAIT II,166,TAW; USA; CHN,7/17/58,10/23/58,TAIWAN STRAIT II,https://drive.google.com/open?id=1nkhFLm-zNDItenGspQZf7qtmLsFHEMEv
CAMBODIA/THAILAND,167,THI; CAM,7/24/58,2/6/59,CAMBODIA/THAILAND,https://drive.google.com/open?id=1ELYkT6anZL9NSAeSXMie02lIC9qfe-FN
BERLIN DEADLINE,168,FRN; UKG; USA; GFR; GDR; RUS,11/27/58,9/15/59,BERLIN DEADLINE,https://drive.google.com/file/d/1wdy7RHSPCNq3eN-rcPLCnrtossmtTUm8/view?usp=drive_link
MEX./GUAT. FISHING,169,GUA; MEX,12/29/58,2/1/59,MEX./GUAT. FISHING,https://drive.google.com/open?id=1lQ_55ou0rSGe1hSn252MPJY2JTOzdNz7
CEN. AMERICA/CUBA I,170,PAN; NIC; DOM; HAI,4/25/59,Dec-59,CEN. AMERICA/CUBA I,https://drive.google.com/open?id=1w22DBEKG_CFCbpjCy6_ammUfhYZcHrT5
CHINA/INDIA BRD. I,171,CHN; IND,8/25/59,4/19/60,CHINA/INDIA BRD. I,https://drive.google.com/open?id=1rK0eP8EaELurSkcqi1rJXgbc_vaqePxz
SHATT-AL-ARAB I,172,IRQ; IRN,11/28/59,1/4/60,SHATT-AL-ARAB I,https://drive.google.com/open?id=1cTDnsgN1hx5p1Vc3JlCHLY3JU1zhE0QV
ROTTEM,173,EGY; ISR,2/15/60,3/8/60,ROTTEM,https://drive.google.com/open?id=1qSOPj_nl5m4Fbn_oVGUY_GkGdJU2fs-b
GHANA/TOGO BORDER I,174,GHA,Mar-60,4/1/60,GHANA/TOGO BORDER I,https://drive.google.com/open?id=1aICStm9Ckq9hIS8goPhTYhC5Pjp_ZrRU
FAILED ASS. VENEZUELA,175,VEN; DOM,6/24/60,Sep-60,FAILED ASS. VENEZUELA,https://drive.google.com/open?id=1D8otiNtKDnOIqyqPqX2dtQvkQDmS9DNi
CONGO I-KATANGA,176,BEL; CON; CON,7/5/60,2/15/62,CONGO I-KATANGA,https://drive.google.com/open?id=1JREIQkouV4H2URwKnAeazjR24c23rYml
MALI FEDERATION,177,MLI; SEN,8/20/60,9/22/60,MALI FEDERATION,https://drive.google.com/open?id=10g4hDk9ROEBaZyOM-NoFALUe0FIV6d8E
CEN. AMERICA/CUBA II,178,NIC; GUA,11/9/60,12/7/60,CEN. AMERICA/CUBA II,https://drive.google.com/open?id=10YR3UhPBPDK0fXNnqgMlHRa-BMuM-B9O
ETHIOPIA/SOMALIA,179,ETH,12/26/60,1961,ETHIOPIA/SOMALIA,https://drive.google.com/open?id=14ZfiyEg3WB9n7n_kmtsFrH3NaBTstaGQ
PATHET LAO OFFENSIVE,180,USA; THI,3/9/61,5/16/61,PATHET LAO OFFENSIVE,https://drive.google.com/open?id=1AHPkVud4HbZRYD6bWIKfEf0sriOFLHMW
BAY OF PIGS,181,CUB; USA,4/15/61,4/24/61,BAY OF PIGS,https://drive.google.com/open?id=1TD2ZKJI0AQJjjTHQXLZ2JyFmMLpRgoLV
PUSHTUNISTAN III,182,PAK; AFG,5/19/61,1/29/62,PUSHTUNISTAN III,https://drive.google.com/open?id=1tlUa0L0kC0GNVShYriKh0lGMuOMQKhcl
KUWAIT INDEPENDENCE,183,IRQ; KUW; UKG,6/19/61,7/13/61,KUWAIT INDEPENDENCE,https://drive.google.com/open?id=1rxK0hcX7IqUx3ZJOj-snt8PCgWxxkjcA
BIZERTA,184,FRN; TUN,7/17/61,9/29/61,BIZERTA,https://drive.google.com/open?id=1Xk8ITUiyOIY5KaN8xaLDhhTjDx8PNOQZ
BERLIN WALL,185,GDR; RUS; FRN; UKG; GFR; USA,Aug-61,10/28/61,BERLIN WALL,https://drive.google.com/open?id=1QmwlGQbRmKH8oAkgD9tITHDvi4UkxYvu
VIET CONG ATTACK,186,RVN; USA,9/18/61,11/15/61,VIET CONG ATTACK,https://drive.google.com/open?id=1f7mC920jJYf96i0VdsTSaPZqX8Bbbu7O
WEST IRIAN II,187,INS; NTH,9/26/61,8/15/62,WEST IRIAN II,https://drive.google.com/open?id=1G2RXS-EoBpwj7M-AVCVnRBAvubC9yN2T
BREAKUP OF UAR,188,EGY,9/28/61,10/5/61,BREAKUP OF UAR,https://drive.google.com/open?id=1xnAMjHbSasMFri7nmtgV6kBkRL9ATWXa
SOV. NOTE/FINLAND II,189,FIN,10/30/61,11/24/61,SOV. NOTE/FINLAND II,https://drive.google.com/open?id=1HHKcRGzej3Yof-_Z-qyMsmujNbA-omHI
GOA II,190,POR,12/11/61,12/19/61,GOA II,https://drive.google.com/open?id=1GVpAYuWRkyTzK8GpGzigubUUZDNK_CXE
MALI/MAURITANIA,191,MAA,3/29/62,2/18/63,MALI/MAURITANIA,https://drive.google.com/open?id=11wspVX6rEaBAmrXzrW4MLX49F9fWRTgO
TAIWAN STRAIT III,192,CHN,4/22/62,6/27/62,TAIWAN STRAIT III,https://drive.google.com/open?id=1e6Iu6bqbx6S5a6duRLxqmc3vGCvSaVC0
NAM THA,193,THI; USA,5/6/62,6/12/62,NAM THA,https://drive.google.com/open?id=14lpkK-1ng8y0PBsjqFIZVR-agljM4IrC
CHINA/INDIA BDR. II,194,IND; CHN; IND,9/8/62,1/23/63,CHINA/INDIA BDR. II,https://drive.google.com/open?id=1QxLWLgq44oC5gd3TfvH3rfVdaXDsHZzO
YEMEN WAR I,195,JOR; SAU; EGY; YEM,9/26/62,4/15/63,YEMEN WAR I,https://docs.google.com/document/d/1NL6gy0KQqhpbRfKIQ8fyk3fnFzUF53FqvMmSUJbI4eI/edit?usp=sharing
CUBAN MISSILES,196,USA; CUB; RUS,10/16/62,11/20/62,CUBAN MISSILES,https://drive.google.com/open?id=1gb0kDri_VFUwOJoi9XR07wmwgAw3Z10a
MALAYSIA FEDERATION,197,MAL; INS,2/11/63,8/9/65,MALAYSIA FEDERATION,https://drive.google.com/open?id=1G7YgDVSo8ZjVU9iRrbVgxmOAUsnXCXzz
DOM. REP./HAITI II,198,DOM; HAI,4/26/63,6/3/63,DOM. REP./HAITI II,https://drive.google.com/open?id=1_hLGwUnkdXjbXWb8KZoX2wFePP_8u_4a
ALGERIA/MOROCCO BDR.,199,ALG; MOR,10/1/63,11/4/63,ALGERIA/MOROCCO BDR.,https://drive.google.com/open?id=1--h_iK7IslFAfyqNL72uv40LbS6YGjyb
CUBA/VENEZUELA,200,VEN,11/1/63,12/1/63,CUBA/VENEZUELA,https://drive.google.com/open?id=12BcNVOpDT2VK1mbTcHDEK4kHyJJIRnFP
KENYA/SOMALIA,201,KEN,11/20/63,3/4/64,KENYA/SOMALIA,https://drive.google.com/file/d/1vRs773gAoSaClP-VvRCuQVBUOlL9CBMf/view?usp=share_link
CYPRUS I,202,TUR; CYP; GRC,11/30/63,8/10/64,CYPRUS I,https://drive.google.com/open?id=1RYLWh_9ZF2mzKAFBPMaaXKW6gYvwo23V
JORDAN WATERS,203,JOR; LEB; SYR; EGY; ISR,12/11/63,5/5/64,JORDAN WATERS,https://docs.google.com/document/d/1eWgyvYX0vxQlTFy9BrIZKqS1zTGduLJc3rly2_hoCaE/edit?usp=sharing
DAHOMEY/NIGER,204,NIR; BEN,12/21/63,1/4/64,DAHOMEY/NIGER,https://drive.google.com/open?id=1vQGc2bkvaYLgR6D2UpE_RrQ-MsscxxUx
BURUNDI/RWANDA,205,RWA; BUI,12/21/63,Apr-64,BURUNDI/RWANDA,https://drive.google.com/open?id=1wbveq2MiqjcdQ3AvzQtETBgPhqTh94BR
PANAMA FLAG,206,PAN; USA,1/9/64,1/12/64,PANAMA FLAG,https://drive.google.com/open?id=1d8pd7o-qK75JaeIe39_aazGORSmEuUG6
E. AFRICA REBELLIONS,207,UKG,1/19/64,1/30/64,E. AFRICA REBELLIONS,https://drive.google.com/open?id=1ATH1tCkQKx2C3gd1_o7ghHTL003Mci1e
OGADEN I,208,ETH; SOM,2/7/64,3/30/64,OGADEN I,https://drive.google.com/open?id=1EHG4j3hn_OS_kVkkMpQDLgiS_ubtAw3T
YEMEN WAR II,209,YEM; EGY; SAU,May-64,11/8/64,YEMEN WAR II,https://drive.google.com/open?id=1R2TTmOJV09RRphO8kGtNRDrG-snjfT5h
GULF OF TONKIN,210,DRV; USA,7/30/64,Aug-64,GULF OF TONKIN,https://drive.google.com/open?id=1wqNrb33ZXJHlaXAAOzFEjXzeFWccBKcN
CONGO II,211,CON; BEL; USA; RUS,8/4/64,12/30/64,CONGO II,https://drive.google.com/file/d/1TQnj0EUvhUOPafoEwbpZNDP96dOhmfr-/view?usp=share_link
YEMEN WAR III,212,EGY; YEM; SAU,12/3/64,8/25/65,YEMEN WAR III,https://drive.google.com/open?id=1R5MuBLdxPZCGrKFTEGCcGQWqHbFjpOIK
PLEIKU,213,RVN; USA; DRV,2/7/65,Mar-65,PLEIKU,https://drive.google.com/open?id=1-XQFbIrDhT5IIyRh1sOw-o50Urg2Btwm
RANN OF KUTCH,214,IND; PAK,4/8/65,6/30/65,RANN OF KUTCH,https://drive.google.com/open?id=1qtz_o6a2SkwrdT6loYyT1wlbCaqCLDCF
DOMINICAN INTERVENTN.,215,USA,4/24/65,8/31/65,DOMINICAN INTERVENTN.,https://drive.google.com/open?id=1_crxvN6oGgd7OXBe8nkZkjRgljSN_sUt
KASHMIR II,216,IND; PAK; IND,8/5/65,1/10/66,KASHMIR II,https://drive.google.com/open?id=1jhEZTYhZvxJx_pddZHjTIzoYJEUm_GvV
GUINEA REGIME,217,GUI,10/9/65,Dec-65,GUINEA REGIME,https://drive.google.com/open?id=1H1YAyH1-gmW8AuBoKjgFNkBIS6Dt1J4m
RHODESIA'S UDI,218,ZAM,11/5/65,4/27/66,RHODESIA'S UDI,https://drive.google.com/open?id=1P-g3hpuT5sChtIj5f_4M0GUef3GfdPJ1
YEMEN WAR IV,219,SAU; EGY; YEM,10/14/66,9/26/67,YEMEN WAR IV,https://drive.google.com/open?id=1_dBwSym6oW1_ZpAERY9yX23ZRxIHFJFg
EL SAMU,220,ISR; JOR,11/12/66,11/15/66,EL SAMU,https://drive.google.com/open?id=1z3JQ6fWAKJVaFrtpMmTeGSryliVqa9w9
CHE GUEVARA-BOLIVIA,221,BOL,3/23/67,10/10/67,CHE GUEVARA-BOLIVIA,https://drive.google.com/open?id=1PS9vK4gzt-0GlEKD9qNWhFlyImDgEgEf
SIX DAY WAR,222,ISR; JOR; EGY; USA; SYR; RUS,5/17/67,6/11/67,SIX DAY WAR,https://drive.google.com/open?id=1_SkHkx0VfI6JTiWkItjJy6dRSuq0JTkh
CYPRUS II,223,TUR; GRC; CYP,11/15/67,12/4/67,CYPRUS II,https://drive.google.com/open?id=1_4OnHwkeeB997ZQdofyMXF2JJE4LmjhL
PUEBLO,224,ROK; USA; PRK,1/21/68,12/23/68,PUEBLO,https://drive.google.com/open?id=13x6IvrnryKBRLeW5l1X9IximSl36-8W3
TET OFFENSIVE,225,RVN; USA,1/30/68,3/31/68,TET OFFENSIVE,https://drive.google.com/open?id=1YlfUc-nb5plVHaYUCEwAM0UFs60XkzUt
KARAMEH,226,ISR; JOR,3/18/68,3/22/68,KARAMEH,https://drive.google.com/open?id=1TrCi_DQlvcc9dfG-PxWjHK9g8sUC2VRg
PRAGUE SPRING,227,GDR; POL; BUL; HUN; RUS; CZE,4/9/68,10/18/68,PRAGUE SPRING,https://drive.google.com/open?id=1a6BF5jLbfRvK8JVoYXbUwkv_o8L3J0SM
ESSEQUIBO I,228,GUY,7/9/68,Aug-68,ESSEQUIBO I,https://drive.google.com/open?id=1JAAprJfIhW1gkfY-amEr-JFBf_l5YNnh
BEIRUT AIRPORT,229,LEB,12/28/68,Jan-69,BEIRUT AIRPORT,https://drive.google.com/open?id=1gTzjV7VyOxr2ztrTQKlPerIe4zY6CpKz
VIETNAM SPRING OFF.,230,USA; RVN,2/22/69,6/8/69,VIETNAM SPRING OFF.,https://drive.google.com/open?id=1bMworD7etuvwhVQNCMmHKAbR8Sikz89B
USSURI RIVER,231,RUS; CHN,3/2/69,10/20/69,USSURI RIVER,https://drive.google.com/open?id=1c8ZUTUDebHckNxFTLL1aRTx8dHFOxYE5
WAR OF ATTRITION,232,ISR; EGY; EGY; RUS; ISR,3/8/69,8/7/70,WAR OF ATTRITION,https://drive.google.com/open?id=1eIAILRm7OM5ucLrAUEx3U2Ou7TPqqGKw
EC-121 SPY PLANE,233,USA,4/15/69,4/26/69,EC-121 SPY PLANE,https://drive.google.com/open?id=1qqIgS12yGMsQ10JsESlAupDhXjjMQiVr
SHATT-AL-ARAB II,234,IRN; IRQ,4/15/69,10/30/69,SHATT-AL-ARAB II,https://drive.google.com/open?id=1ikPvljKZFFvxn2kfFJYP2tmSqWezLaJZ
FOOTBALL WAR,235,SAL; HON,6/15/69,7/30/69,FOOTBALL WAR,https://drive.google.com/open?id=1qjhZPuTTNOqT8vSHAg2924mdE-3PId11
CAIRO AGREEMENT-PLO,236,LEB,10/22/69,11/3/69,CAIRO AGREEMENT-PLO,https://drive.google.com/open?id=1ZEqI6cpdIS8lFsXR-xdinZKMcfSgrHfn
INVASION OF CAMBODIA,237,DRV; CAM; RVN; USA,3/13/70,7/22/70,INVASION OF CAMBODIA,https://drive.google.com/open?id=1ervYNF4a19p3g3aYrIX0YtoSJ0H89Z5k
BLACK SEPTEMBER,238,SYR; USA; ISR; JOR,9/15/70,9/29/70,BLACK SEPTEMBER,https://drive.google.com/open?id=1kY0mPrJYnUs38yWqBN9-yIMpriO9ACJm
CIENFUEGOS SUB. BASE,239,USA,9/16/70,10/23/70,CIENFUEGOS SUB. BASE,https://drive.google.com/open?id=1AuwPzcvN19R9glluTHbp0di2WCZ-uL9Z
CONAKRY RAID,240,GUI,11/22/70,12/11/70,CONAKRY RAID,https://drive.google.com/open?id=1mrdgMIACgWOjwOtF5WP2rOGEWbhQRcIv
INVASION OF LAOS II,241,LAO; DRV,2/8/71,3/25/71,INVASION OF LAOS II,https://drive.google.com/open?id=1b_G8ZpiKEALoZruB_Xj4qld2WXiqN4e1
BANGLADESH,242,BNG; PAK; IND; PAK,3/25/71,12/17/71,BANGLADESH,https://drive.google.com/open?id=1ganx-rIlhDYGLW7S4UxjQnE0TxoCca17
CHAD/LIBYA I,243,LIB; CHA,5/24/71,4/17/72,CHAD/LIBYA I,https://drive.google.com/open?id=124A1-mJpLaP6E7ceMqI6-K9ArejBC7xL
CAPRIVI STRIP,244,ZAM,10/5/71,10/12/71,CAPRIVI STRIP,https://drive.google.com/open?id=1WKRnd4sQx90qXW4n5I8AJCKuOsThsEeB
TANZANIA/UGANDA I,245,TAZ; UGA,10/20/71,11/25/71,TANZANIA/UGANDA I,https://drive.google.com/open?id=14xusbu8_wS10_8nM8oE1Bmoyzw7OaUKL
VIETNAM PORTS MINING,246,RVN; USA; DRV,3/30/72,7/19/72,VIETNAM PORTS MINING,https://drive.google.com/open?id=1FzPvN_SKbNkhFzJdnXJqt2H2mZNZl1Wj
TANZANIA/UGANDA II,247,UGA; TAZ,9/17/72,10/5/72,TANZANIA/UGANDA II,https://drive.google.com/open?id=1E-7OkiyJWgXPV0J5GzQCJjjGklkjrjZ-
NORTH/SOUTH YEMEN I,248,YEM; YPR,9/26/72,11/28/72,NORTH/SOUTH YEMEN I,https://drive.google.com/open?id=1qD-MfzXNWTpNNAFF690t4HbsG5n4PAt3
CHRISTMAS BOMBING,249,RVN; USA; DRV,10/23/72,1/27/73,CHRISTMAS BOMBING,https://drive.google.com/open?id=1LwE_kgSl2BUAqlu2B-FsYA85Tq6mjjV8
ZAMBIA RAID,250,ZAM,1/19/73,2/3/73,ZAMBIA RAID,https://drive.google.com/open?id=14NDMhfxIlXPurI8tIG3eSKNPpfbcg0W0
LIBYAN PLANE,251,ISR,2/21/73,2/21/73,LIBYAN PLANE,https://drive.google.com/open?id=1PJNcvp5JzLa-WyDYW6wmni0KYIcT92s8
IRAQ INVASION/KUWAIT,252,KUW,3/20/73,6/8/73,IRAQ INVASION/KUWAIT,https://drive.google.com/open?id=1mfZK5Znaf9QIy-S0bBH20E116_vY_Coi
ISRAEL MOBILIZATION,253,ISR,4/10/73,Jun-73,ISRAEL MOBILIZATION,https://drive.google.com/open?id=1neQXXolNf__FMqdWtiDX3TU9KVJGHGyw
COD WAR I,254,UKG; ICE,5/14/73,11/13/73,COD WAR I,https://drive.google.com/open?id=195K1l3PUmzWQi8fkavtvsZ5aCCzqC7j4
OCTOBER-YOM KIPPUR WAR,255,ISR; ISR; SYR; USA; EGY; RUS,10/5/73,5/31/74,OCTOBER-YOM KIPPUR WAR,https://drive.google.com/open?id=1gXtlXAQJ3G-48aCfiGm5Ki__0VqcqEsS
OMAN/SOUTH YEMEN,256,OMA,11/18/73,3/11/76,OMAN/SOUTH YEMEN,https://drive.google.com/open?id=12OGy20anZCMmziu0GuP9K9n-Fh947Z0X
CYPRUS III,257,CYP; TUR; GRC,7/15/74,2/24/75,CYPRUS III,https://drive.google.com/open?id=1yajUY6LknSMZnLiAnuqjDnQM577IcxDc
FINAL N. VIETNAM OFF.,258,RVN; CAM,12/14/74,4/30/75,FINAL N. VIETNAM OFF.,https://drive.google.com/open?id=1NazLzBFKDS6jqRpeweF-2n6qp7Ty0_vd
MAYAGUEZ,259,USA; CAM,5/12/75,5/15/75,MAYAGUEZ,https://drive.google.com/open?id=1ZhmwuuwiP7vrpv73D8cz67NE1mqqxO7S
WAR IN ANGOLA,260,ZAM; DRC; SAF; ANG; CUB; RUS; USA,7/12/75,3/27/76,WAR IN ANGOLA,https://drive.google.com/open?id=1cFw2msdKeLYZ6pWbma1tr76abVMu0TQA
MOROCCAN MARCH,261,SPN; MOR; ALG; MAA,10/16/75,4/14/76,MOROCCAN MARCH,https://drive.google.com/open?id=1w3C0JtpzprH70UL2cnkYys3Y-iMKjZUG
BELIZE I,262,UKG,11/1/75,11/30/75,BELIZE I,https://drive.google.com/open?id=1zNyd0d3gV2I1_-jRsGYEXTpM3O35LfkX
COD WAR II,263,UKG; ICE,11/23/75,6/1/76,COD WAR II,https://drive.google.com/open?id=1Rt2L_aZRShnUhTXQIkicTI_GuWqxIAvm
EAST TIMOR I,264,INS,11/28/75,7/17/76,EAST TIMOR I,https://drive.google.com/open?id=1594jQv9ldofd7XRV8qCl_BPsxhZicWlI
LEB. CIVIL WAR,265,SYR,1/18/76,11/15/76,LEB. CIVIL WAR,https://drive.google.com/open?id=1N_zQxY30ri9DR4hLr1wIJEIiQI6BTbHA
UGANDA CLAIMS,266,KEN,2/15/76,2/24/76,UGANDA CLAIMS,https://drive.google.com/open?id=1Po2nMDtcYSShrWMrEnLflZF29NE8CXCT
OPERATION THRASHER,267,ZIM; MZM,2/22/76,Apr-76,OPERATION THRASHER,https://drive.google.com/file/d/1IScdo1MoOZwIPAmrZ1DdOORKz_pawPOq/view?usp=share_link
NOUAKCHOTT I,268,MAA,6/8/76,6/8/76,NOUAKCHOTT I,https://drive.google.com/open?id=19C7Y67tIpieAPxZZdFHhX5zOXLH2DhQE
IRAQI THREAT,269,SYR,6/9/76,6/17/76,IRAQI THREAT,https://drive.google.com/open?id=1K04uUU_2fH_ZZq4veQwgSNJynOfzZE5W
ENTEBBE RAID,270,ISR; UGA,6/27/76,7/4/76,ENTEBBE RAID,https://drive.google.com/open?id=1A5FXIB3hvPffGD8-qsthlS6ei61zwf1m
SUDAN COUP ATTEMPT,271,SUD,7/2/76,7/15/76,SUDAN COUP ATTEMPT,https://drive.google.com/open?id=1JfmX6xXo4iX9hdguo8lOdL6RdBBmPVWf
AEGEAN SEA I,272,GRC; TUR,8/6/76,9/25/76,AEGEAN SEA I,https://drive.google.com/open?id=1Iwe3CXjXwgEB4DsZAAwWILy3ZX_mpaMa
NAGOMIA RAID,273,MZM,8/9/76,Nov-76,NAGOMIA RAID,https://drive.google.com/open?id=1KRFd4UxFg3atepKXVjlxXpsXAqUU_Tnn
POPLAR TREE,274,USA; PRK,8/17/76,9/16/76,POPLAR TREE,https://drive.google.com/open?id=1p-4O0jRYv4ODBLZC2oI9WY2JeOhBZIgY
SYRIA MOBILIZATION,275,ISR,11/21/76,12/13/76,SYRIA MOBILIZATION,https://drive.google.com/open?id=1WgwrdAACNitmIKtKZlMMq-vQk6_zv122
OPERATION TANGENT,276,BOT,12/20/76,3/31/77,OPERATION TANGENT,https://drive.google.com/open?id=1DQ1FgA0bnZihpD6HffvNgxl3IDSi4VfV
SHABA I,277,DRC; ANG,3/8/77,5/26/77,SHABA I,https://drive.google.com/open?id=1gZ38hQhLtPWwXxe-B0FqTkL1aIH6Zn7j
MAPAI SEIZURE,278,MZM,5/29/77,6/30/77,MAPAI SEIZURE,https://drive.google.com/open?id=1i31Bewboz6lYu3FkqWTubSeUX0vC0nbl
BELIZE II,279,UKG,6/25/77,7/28/77,BELIZE II,https://drive.google.com/open?id=1HI17bwbaltKvauvIpBKENWZzvCdg4OEM
NOUAKCHOTT II,280,MAA,7/3/77,Jul-77,NOUAKCHOTT II,https://drive.google.com/open?id=1kaiHJNCyv7ncVtpiwKh_cVFHTUpKuZoC
EGYPT/LIBYA CLASHES,281,LIB; EGY,7/14/77,9/10/77,EGYPT/LIBYA CLASHES,https://drive.google.com/open?id=1A9ovTPEwb54fktMfPf27Dz1zpuU5T9LQ
OGADEN II,282,ETH; SOM,7/22/77,3/14/78,OGADEN II,https://drive.google.com/open?id=1vb7jGWmss9-RLCdEmsek8afIjgOl33mc
RHODESIA RAID,283,ZAM,8/31/77,8/14/78,RHODESIA RAID,https://drive.google.com/open?id=1AQcAXfdp5IjUb11xtHV1o7ooWSUguSiw
VIETNAM INV./CAMBODIA,284,CAM; DRV; THI,9/24/77,1/7/79,VIETNAM INV./CAMBODIA,https://docs.google.com/document/d/1UXTXqQEU3CX7oU__Xf9iZTgoiv9e9AyJZBARnTufdhE/edit?usp=sharing
FRENCH HOSTAGES MAUR.,285,FRN; ALG,10/25/77,12/23/77,FRENCH HOSTAGES MAUR.,https://drive.google.com/open?id=1zwo0sLBJKHE3tK-iwHfeH1bZj61h4yL7
CHIMOIO-TEMBUE RAIDS,286,MZM,11/23/77,3/22/78,CHIMOIO-TEMBUE RAIDS,https://drive.google.com/open?id=1m9f-kLrJqNmg8ctlkrniDvAhkQWHN99J
BEAGLE CHANNEL I,287,CHL; ARG,12/5/77,2/20/78,BEAGLE CHANNEL I,https://drive.google.com/open?id=1sFa6-w9PuaOaLgUuOAaZxkfztfPAtG1D
CHAD/LIBYA II,288,LIB; CHA,1/22/78,3/27/78,CHAD/LIBYA II,https://drive.google.com/open?id=1lj9SeaNAacbggu50ZA9gwaTp5nIrkVNA
LITANI OPERATION,289,LEB,3/14/78,6/13/78,LITANI OPERATION,https://drive.google.com/open?id=11Z6aQcPAUSHc2JFHOIYjUD_rJc-wB3ND
CHAD/LIBYA III,290,FRN; LIB; CHA,4/15/78,8/29/78,CHAD/LIBYA III,https://drive.google.com/open?id=1okbnC96lxTlcqRS114uYSNJ9XT7joagR
CASSINGA INCIDENT,291,SAF; ANG,5/3/78,5/17/78,CASSINGA INCIDENT,https://drive.google.com/file/d/1h7A_crmM_0cmnSbt68eK8I4eerCJ1J0u/view?usp=share_link
SHABA II,292,DRC; ANG; BEL; USA; FRN,5/11/78,7/30/78,SHABA II,https://drive.google.com/open?id=1hLNqsZhfJBCFMAQ7wlBfLY4uZkeNHlm3
AIR RHODESIA INCDNT.,293,ZIM; ZAM,9/3/78,10/31/78,AIR RHODESIA INCDNT.,https://drive.google.com/file/d/1fjp0HoMhEFPrdvXMczPXBJUAFl878GTt/view?usp=share_link
NICARAGUA CIV WAR II,294,NIC; COS; NIC,9/10/78,7/17/79,NICARAGUA CIV WAR II,https://drive.google.com/open?id=1p1VFPc1v4zIzWtbpd4hKzh2hRHA_60qy
BEAGLE CHANNEL II,295,CHL; ARG,10/16/78,1/8/79,BEAGLE CHANNEL II,https://drive.google.com/open?id=1nwFbB2UficwT3hQOefxZdOF7Gfmaqa4a
FALL OF AMIN,296,TAZ; UGA; LIB,10/30/78,4/10/79,FALL OF AMIN,https://drive.google.com/open?id=1sjtxEorkpdB6R29Jghzoz_l4mkYN4usV
ANGOLA INVASION SCARE,297,ANG,11/7/78,11/14/78,ANGOLA INVASION SCARE,https://drive.google.com/open?id=1oDmlLcPkASLXs-RIXhdZDcGW5yrKBn0m
SINO/VIETNAM WAR,298,CHN; DRV,12/25/78,3/15/79,SINO/VIETNAM WAR,https://drive.google.com/open?id=1abxHwwkJ3l0fPwhtbEYySFR2rjG6WPOT
TAN TAN,299,MOR,1/28/79,Mar-79,TAN TAN,https://drive.google.com/open?id=1VD9ViviLnxj4sCJ94n8hf2rvy7TQCnMt
RAIDS ON ZIPRA,300,ZIM; ANG; ZAM,2/12/79,5/31/79,RAIDS ON ZIPRA,https://drive.google.com/open?id=196ao7WDWKBjjlAltFbEv9m131pTasDDK
NORTH/SOUTH YEMEN II,301,YEM; YPR,2/24/79,3/30/79,NORTH/SOUTH YEMEN II,https://drive.google.com/open?id=13EB-qh2rtllHQeawTIbHM_JXBQYOet53
RAIDS ON SWAPO,302,ANG,3/6/79,3/28/79,RAIDS ON SWAPO,https://drive.google.com/open?id=11sPeHGqkA7fplg9f4vIy0AdKgs5ImAcK
AFGHANISTAN INVASION,303,RUS; AFG; PAK; USA,Mar-79,2/28/80,AFGHANISTAN INVASION,https://drive.google.com/file/d/1dr2vWEGaTJiIeut54k3P-PJKakhykdsl/view?usp=share_link
CHAD/LIBYA IV,304,LIB; CHA; FRN,4/12/79,11/10/79,CHAD/LIBYA IV,https://drive.google.com/open?id=1k1liIAjZyoibucKOWKMQHf4R6oJnh3BX
GOULIMIME-TARFAYA RD,305,MOR; ALG,6/1/79,6/25/79,GOULIMIME-TARFAYA RD,https://drive.google.com/open?id=1ofBEc-3VHq6ugiyCEVRSyRXt1dPWAXjJ
SOVIET THREAT/PAK.,306,PAK,6/1/79,7/3/79,SOVIET THREAT/PAK.,https://drive.google.com/open?id=1Zv2h-GU38s_e55o9H4ZdjKn3qXA6g8ZG
RHODESIA SETTLEMENT,307,ZIM; BOT; MZM; ZAM,7/15/79,3/4/80,RHODESIA SETTLEMENT,https://drive.google.com/file/d/1fHPIVcIlu31YmKid85ToV5V9kXZp0NEa/view?usp=sharing
RAID ON ANGOLA,308,ANG,10/28/79,11/2/79,RAID ON ANGOLA,https://drive.google.com/open?id=14a9ySUSteual2-cK-jpiIKuqmLBfRGc8
US HOSTAGES IN IRAN,309,USA; IRN,11/4/79,1/20/81,US HOSTAGES IN IRAN,https://drive.google.com/open?id=1Y4_m7w2vsUoF55I4pHnO44TO4s72XUDA
COLOMBIA/NICARAGUA,310,COL; NIC,12/12/79,7/8/81,COLOMBIA/NICARAGUA,https://drive.google.com/file/d/1j30xHqt6CFq6ISU7c0g8Qbjk47x2zHEQ/view?usp=share_link
RAID ON GAFSA,311,TUN; LIB,1/27/80,4/30/80,RAID ON GAFSA,https://drive.google.com/open?id=1M6rWsMrPAb-va7KKEu5u7r-ZI7vuB3OX
OPERATION IMAN,312,MOR,3/1/80,May-80,OPERATION IMAN,https://drive.google.com/open?id=1yl5g8-c4n6y2M_2Sy7ZyMQlhxRvLEIUn
OPERATION SMOKESHELL,313,ANG,6/7/80,7/2/80,OPERATION SMOKESHELL,https://drive.google.com/open?id=1QgHFO7KGF7DCu61HLTCh1MsHg66SWMBa
LIBYA THREAT-SADAT,314,EGY; LIB,6/11/80,Jun-80,LIBYA THREAT-SADAT,https://drive.google.com/open?id=1ar0aadrD8e8x8LF_BmCYp9wY4AFK3aVX
SOLIDARITY,315,POL; RUS; CZE; GDR,8/14/80,12/13/81,SOLIDARITY,https://drive.google.com/file/d/1RccmzKO5-bA29ftXcfFCSChyWCoh7rQF/view?usp=sharing
LIBYA/MALTA OIL DISP.,316,MLT,8/20/80,9/15/80,LIBYA/MALTA OIL DISP.,https://drive.google.com/open?id=1X0g0I9IKQIiUspnKJY6iuJxv4jh6l1UO
ONSET IRAN/IRAQ WAR,317,IRN; IRQ,9/17/80,11/30/80,ONSET IRAN/IRAQ WAR,https://drive.google.com/open?id=1gGG6DY6zf3Fl0yxDpjFttHtHwq-IDQCm
LIBYA INTERV./GAMBIA,318,GAM,10/27/80,11/7/80,LIBYA INTERV./GAMBIA,https://drive.google.com/open?id=17mM7owIx3f3YYOuZIpCdD0O24ZYrGPQY
JORDAN/SYRIA CONFRNT.,319,JOR,11/25/80,12/14/80,JORDAN/SYRIA CONFRNT.,https://drive.google.com/open?id=1tHG0TGwdma7BtdZiILIB4qbCkq6xr5PW
E. AFRICA CONFRONT.,320,SOM; ETH; KEN,12/5/80,6/29/81,E. AFRICA CONFRONT.,https://drive.google.com/file/d/1rl_FPm7pc0tKbjnRtYpXrRuQcDUNc5ju/view?usp=share_link
CHAD/LIBYA V,321,FRN; LIB,1/6/81,11/16/81,CHAD/LIBYA V,https://drive.google.com/open?id=1Z5ThNmB6uPpIRtcyQTcpsZkNXmR3EfND
ECUADOR/PERU BDR. III,322,ECU; PER,1/22/81,4/2/81,ECUADOR/PERU BDR. III,https://drive.google.com/open?id=18u8o8Zlo2k3OaaVYs2g7QqzT6XdeUP7b
MOZAMBIQUE RAID,323,MZM,1/30/81,Mar-81,MOZAMBIQUE RAID,https://drive.google.com/open?id=1vBTyZPjKeS7jbNBqa-_tPQTZ__2XV5VP
IRAQ NUCLEAR REACTOR,324,ISR; IRQ,Jan-81,6/19/81,IRAQ NUCLEAR REACTOR,https://drive.google.com/open?id=1mVy4m2Cad15002xpmnf8UXtv2Fo181PV
ESSEQUIBO II,325,GUY; VEN,4/4/81,Mar-83,ESSEQUIBO II,https://drive.google.com/open?id=1ubOHQdVNW8ET3w1vl-uyb-5YjMJotjuc
CONTRAS I,326,HON; NIC,4/28/81,5/13/81,CONTRAS I,https://drive.google.com/open?id=1MOPYwJNEMYma4YUU22YLMqSt0H2SX0en
AL-BIQA MISSILES I,327,SYR; ISR,4/28/81,7/24/81,AL-BIQA MISSILES I,https://drive.google.com/file/d/1gXNFl3t4VHUPzrXogQUkPVgdtR6KI7U3/view?usp=drive_link
CAMEROON/NIGERIA I,328,NIG; CAO,5/15/81,7/24/81,CAMEROON/NIGERIA I,https://drive.google.com/open?id=15lZhzP2QHGYuAyAuL0McheAztsGn5t20
COUP ATTEMPT IN THE GAMBIA,329,SEN,7/30/81,1/29/82,COUP ATTEMPT IN THE GAMBIA,https://docs.google.com/document/d/15rpnYimBFiPaoDuqD7-mm1t8ooPh5rST8uY3RvDdhKQ/edit?usp=sharing
GULF OF SYRTE I,330,LIB,8/12/81,9/1/81,GULF OF SYRTE I,https://drive.google.com/open?id=1xv5cnlTy2atwrONNIacegg2FMQzzC_0e
OPERATION PROTEA,331,ANG,8/23/81,9/30/81,OPERATION PROTEA,https://drive.google.com/open?id=1DITkVw4EcqFFi-NhMGjBc0hTNdvjK1Wp
GALTAT ZEMMOUR I,332,MOR,10/13/81,11/9/81,GALTAT ZEMMOUR I,https://drive.google.com/open?id=1-pkYoflzons0bcxCFGJ25T5gfTT7Rndc
U-137 INCIDENT,333,SWD; RUS,10/28/81,11/6/81,U-137 INCIDENT,https://drive.google.com/open?id=1HFg1DLBDxsDPndK4cFZcH5lgraI9Ma4v
COUP ATTEMPT IN BAHRAIN,334,BAH; SAU,12/13/81,1/8/82,COUP ATTEMPT IN BAHRAIN,https://drive.google.com/open?id=13vOJ9J8w0xTn2LbVHQ6v2SfJV1O2Nyok
KHORRAMSHAHR,335,IRQ,3/22/82,7/30/82,KHORRAMSHAHR,https://drive.google.com/open?id=12H7jrIQHwMcmF-TkrSnkYftnQ6FmzYbi
FALKLANDS/MALVINAS,336,UKG; ARG,3/31/82,6/14/82,FALKLANDS/MALVINAS,https://drive.google.com/open?id=12GBYF_Fz529WFD2U82P5RwCh5sJvgDet
WAR IN LEBANON,337,LEB; SYR; ISR,6/5/82,5/17/83,WAR IN LEBANON,https://drive.google.com/open?id=12vE2VdmwCiGlAieiQ3TIVgqp5dYDpa96
OGADEN III,338,SOM; ETH,6/30/82,Aug-82,OGADEN III,https://drive.google.com/open?id=1C4cAL0bxDNMLY2jYWimn326kJuWnKEfd
LESOTHO RAID,339,LES,12/9/82,12/15/82,LESOTHO RAID,https://drive.google.com/open?id=166kbbZq3uku-xkyrpyUjrz8FP4wFQzId
LIBYA THREAT/SUDAN,340,SUD; EGY; LIB,2/11/83,2/22/83,LIBYA THREAT/SUDAN,https://drive.google.com/open?id=1TULMVyIRilAMnBOZ5c-QMp5HNf8yz2LG
CHAD/NIGERIA CLASHES,341,CHA; NIG,4/18/83,7/11/83,CHAD/NIGERIA CLASHES,https://drive.google.com/open?id=1kw6uns-2SruoerOUMf13uGX1rTeyHbzP
CHAD/LIBYA VI,342,CHA; FRN; LIB,6/24/83,12/11/84,CHAD/LIBYA VI,https://drive.google.com/open?id=1UOY-f_bbvj6p_-8w_O7GJEgt2slnpPRd
INVASION OF GRENADA,343,USA; GRN,10/19/83,10/28/83,INVASION OF GRENADA,https://drive.google.com/open?id=1pea22kCAyh0XuFIkSi_XC6jRkS4ALWBf
ABLE ARCHER 83,344,RUS,11/2/83,11/11/83,ABLE ARCHER 83,https://drive.google.com/open?id=1UIxhs3fa7TARIWpGfOfk6GJdRKyDgH7S
MAITENGWE CLASHES,345,BOT,11/8/83,12/21/83,MAITENGWE CLASHES,https://drive.google.com/open?id=1xI2bsEKDdhv54M4w8uHKmF2N7FjAMKEr
ETHIOP./SUDAN TENSION,346,SUD,11/20/83,2/20/84,ETHIOP./SUDAN TENSION,https://drive.google.com/open?id=1Ah06ecCajhZ53T8vz5_H5hg06vvUw5IC
OPERATION ASKARI,347,ANG,12/6/83,2/16/84,OPERATION ASKARI,https://drive.google.com/open?id=153ymI233qku1EJGGOWlly1pgK17dzJBb
BASRA-KHARG ISLAND,348,IRQ; IRN; KUW; SAU,2/21/84,7/11/84,BASRA-KHARG ISLAND,https://drive.google.com/open?id=1IqvGujUWz4HONxh57Sy7Syp4wBHk_nkz
AEGEAN SEA II,349,GRC,3/8/84,3/10/84,AEGEAN SEA II,https://drive.google.com/open?id=1WYNJYqYYsnHyTjF-bCXRKg6Xj9jK0cmM
OMDURMAN BOMBING,350,SUD; EGY; LIB,3/16/84,1984,OMDURMAN BOMBING,https://drive.google.com/open?id=1R7YWyJwseoAmdZ6koOQXzMMKLB7Dv53A
VIETNAM INCURSION INTO THAILAND,351,THI,3/25/84,4/17/84,VIETNAM INCURSION INTO THAILAND,https://drive.google.com/open?id=13QchGgJ4vTfmVbHd7x4wPqabUOHD2zxG
SINO/VIETNAM CLASHES,352,DRV; CHN,4/2/84,Jun-84,SINO/VIETNAM CLASHES,https://drive.google.com/open?id=1ByjBnhFyYRYXOB-H0nPLgBR7uTNKZmZ9
THREE VILLAGE BDR. I,353,THI; LAO,6/5/84,Oct-84,THREE VILLAGE BDR. I,https://drive.google.com/open?id=1Hj9TKoMIBK_BsrP7-ZulpRHVpandMVaK
NICARAGUA MIG-21S,354,USA; NIC,11/6/84,11/12/84,NICARAGUA MIG-21S,https://drive.google.com/open?id=1DMKXRG6qM4z-62Ee-oq7h9DU6AF5CM9p
BOTSWANA RAID,355,BOT,6/14/85,6/21/85,BOTSWANA RAID,https://drive.google.com/open?id=11ncALg30isTGV6CvGlmCk5pdFdXykrTR
EXPULSION-TUNISIANS,356,TUN,8/21/85,9/26/85,EXPULSION-TUNISIANS,https://drive.google.com/open?id=1XtSGWoNDdEOZ1RGFsbEI9pFvkJN8KTuQ
AL-BIQA MISSILES II,357,SYR; ISR,11/19/85,1/15/86,AL-BIQA MISSILES II,https://drive.google.com/open?id=1r8u3ob7O9Zy78Cx7k_wW1UAIEvLOz17c
EGYPT AIR HIJACKING,358,EGY; LIB,11/23/85,12/3/85,EGYPT AIR HIJACKING,https://drive.google.com/open?id=15YdAzyybt-TcjAnVK-0tD8covTttVV6x
BURKINA FASO/MALI BDR,359,MLI; BFO,12/20/85,1/18/86,BURKINA FASO/MALI BDR,https://drive.google.com/open?id=1GOW5LmfjLuCWH_gkQy1Q3pWh0P8b8M4n
S. AFRICA RAID ON LESOTHO,360,LES,12/20/85,1/25/86,S. AFRICA RAID ON LESOTHO,https://drive.google.com/open?id=1uBAPvcSBI7Mev5S4Q44-w3B0lGoDygpC
CAPTURE OF AL-FAW,361,IRQ; KUW; SAU; IRN,2/9/86,Apr-86,CAPTURE OF AL-FAW,https://drive.google.com/open?id=1hKW9SIEhZW_T0nc7CZs4MXgt636KNusU
CHAD/LIBYA VII,362,CHA; FRN; LIB,2/10/86,Mar-86,CHAD/LIBYA VII,https://drive.google.com/open?id=17wbS-VYKZMJvnSs7heLfU3agVpQ97buh
GULF OF SYRTE II,363,LIB; USA,3/24/86,4/21/86,GULF OF SYRTE II,https://drive.google.com/open?id=1hqFklAhGanM5AL8s0R8qWfAm6e-N3xNh
AL-DIBAL INCIDENT,364,BAH,4/26/86,6/15/86,AL-DIBAL INCIDENT,https://drive.google.com/open?id=1688wFhBJCjGSAE_dkvQ3TD9bK5ng9nnJ
S. AFRICA CROSS BORDER RAID,365,BOT; ZAM; ZIM,5/19/86,May-86,S. AFRICA CROSS BORDER RAID,https://drive.google.com/open?id=1s2vezq2eZ9ajuM3CJMWZA6zHx6CWQVVh
REBEL ATTACK ON UGANDA,366,UGA,8/19/86,Jun-86,REBEL ATTACK ON UGANDA,https://drive.google.com/open?id=1PXb6KQT6EHwGujbs7as2ShDoeME40ZAa
MOZAMBIQUE ULTIMATUM,367,MAW,9/11/86,12/18/86,MOZAMBIQUE ULTIMATUM,https://drive.google.com/open?id=1m9K6T_rcBY3eN1DJgkwH05HIAa6IZR1D
ATTEMPTED COUP-TOGO,368,TOG,9/23/86,2/5/87,ATTEMPTED COUP-TOGO,https://drive.google.com/open?id=1b4NwMIzmFUZpe3HB65yQFoJ1LzF8iM9l
CONTRAS II,369,HON; NIC,12/4/86,12/12/86,CONTRAS II,https://drive.google.com/open?id=1IlA7IDRKAtr9R6-1XGEO5trbY_PaLKLr
CHAD/LIBYA VIII,370,CHA; LIB,12/12/86,9/11/87,CHAD/LIBYA VIII,https://drive.google.com/open?id=1Wgze9XMrK7VrO0Cesp3_iUHjwaV0gpVg
SINO/VIETNAM BORDER,371,DRV; CHN,1/5/87,1/10/87,SINO/VIETNAM BORDER,https://drive.google.com/open?id=1whZl664gzUKNJR8RRGU5AD4BXm6H31B9
PUNJAB WAR SCARE II,372,IND; PAK,Jan-87,2/19/87,PUNJAB WAR SCARE II,https://drive.google.com/open?id=1NQvF0fTt2-Vn0MPwaPTBj6QM1duYGXAY
TODGHERE INCIDENT,373,SOM,2/12/87,Apr-87,TODGHERE INCIDENT,https://drive.google.com/open?id=1gO438lBAImG1DlwJrbWFYv2ma4HbfLuC
SYRIAN INT./LEBANON,374,SYR,2/15/87,4/6/87,SYRIAN INT./LEBANON,https://drive.google.com/open?id=186JCTWqxQCCRBbLl0JDzeFEpJxijoyoB
SAND WALL,375,MOR; MAA; ALG,2/25/87,5/4/87,SAND WALL,https://drive.google.com/open?id=1Gu16TM2RvjnqzwVyY4-zn6aqfd4b3CRh
AEGEAN SEA III,376,GRC; TUR,3/1/87,3/28/87,AEGEAN SEA III,https://drive.google.com/open?id=1X9Lt3sgg2Fkq_DzpmcW203xNJHl7_NWg
CAMEROON/NIGERIA II,377,NIG,5/2/87,9/26/87,CAMEROON/NIGERIA II,https://docs.google.com/document/d/1bUYFDM0_52GhbN3x6d9PZEqp2OAAZqjwVvs6lpV-ycg/edit?usp=sharing
INDIA INT./SRI LANKA,378,IND; SRI,6/3/87,7/30/87,INDIA INT./SRI LANKA,https://drive.google.com/open?id=12-c_13Ya4CQ2QCrIxP3GEB9Eo0oYMfu7
MECCA PILGRIMAGE,379,SAU; IRN,7/31/87,Oct-87,MECCA PILGRIMAGE,https://drive.google.com/open?id=1S7azaWYkqMMLq8RVHBWe2MGdUeCoRxEl
S. AFRICA INTERVENTION IN ANGOLA,380,ANG; SAF,10/3/87,8/22/88,S. AFRICA INTERVENTION IN ANGOLA,https://drive.google.com/open?id=1-9JkcNNhimYcXU9vIiy3-fB8oyDa1yNX
THREE VILLAGE BDR. II,381,LAO; THI,11/3/87,2/17/88,THREE VILLAGE BDR. II,https://drive.google.com/open?id=1Fx_DbW2jTSWr3UAbIvnDUdpxjFn0tg48
KENYA/UGANDA BORDER,382,KEN; UGA,12/14/87,12/28/87,KENYA/UGANDA BORDER,https://drive.google.com/open?id=12Q8HsulY6fngMt0AC6CmEV7l1WNxkW34
CONTRAS III,383,HON; NIC,3/6/88,3/28/88,CONTRAS III,https://drive.google.com/open?id=1yFDWbToP1ei8FSMzD7yWjBhx77wQOKAK
SPRATLY ISLANDS,384,DRV; CHN,3/14/88,Apr-88,SPRATLY ISLANDS,https://drive.google.com/open?id=114NcUwiBDrIfdbqOtHzrSy_YcIRfygED
IRAQ RECAPTURE-AL-FAW,385,IRN,4/18/88,8/8/88,IRAQ RECAPTURE-AL-FAW,https://drive.google.com/open?id=1Z7NV-pvDoU0QrfP9BuwIEzitECdqbNrF
LIBYAN JETS,386,USA; LIB,12/21/88,1/12/89,LIBYAN JETS,https://drive.google.com/open?id=1ttRj9_r_KyjNMh8jYNDOUGwQvNnuCpum
MAURITANIA/SENEGAL,387,SEN; MAA,8/21/89,7/18/91,MAURITANIA/SENEGAL,https://drive.google.com/open?id=1seCSh_lXx1WVp87FT6raiwUTlLHqmicQ
CAMBODIA PEACE CONF.,388,CAM; DRV,8/30/89,1/27/90,CAMBODIA PEACE CONF.,https://drive.google.com/open?id=1lFk_DRlpwmbH-HEs5E4AefmhgM69pBCk
CONTRAS IV,389,HON,9/9/89,11/7/89,CONTRAS IV,https://drive.google.com/open?id=1atPtKFOiIUN6EKgzP6aQow936Tn5Tv4u
GALTAT ZEMMOUR II,390,MOR,10/7/89,Nov-89,GALTAT ZEMMOUR II,https://drive.google.com/open?id=1efK8nKi-T6qnzIIMvBBHc3AWLqZYe5ft
INVASION OF PANAMA,391,USA; PAN,12/15/89,1/3/90,INVASION OF PANAMA,https://drive.google.com/open?id=1bPfWRGy0jq945Fffez4HC7ybNMcgKmHd
KASHMIR III-NUCLEAR,392,IND; PAK,1/14/90,Jun-90,KASHMIR III-NUCLEAR,https://docs.google.com/document/d/1eLfxd2eObAsNpB_qyNz6ThgnW1UQPpqJ5WA1k5qNA-k/edit?usp=sharing
GULF WAR,393,KUW; USA; BAH; EGY; FRN; IRQ; ISR; OMA; QAT; SAU; SYR; UAE; UKG,8/2/90,4/12/91,GULF WAR,https://drive.google.com/open?id=1VtJT6lUAp5faweKsHXAHiQICM0XT60Li
RWANDA/UGANDA,394,RWA,9/30/90,3/29/91,RWANDA/UGANDA,https://drive.google.com/open?id=1xNxqLdpjlzDekzvDV9onAft-wKai8uog
LIBERIA/SIERRA LEONE,395,SIE,3/23/91,10/31/91,LIBERIA/SIERRA LEONE,https://drive.google.com/open?id=1Pi1D0nJ2jy-N6m9pe4OzNHOyNdhBC2TR
GHANA/TOGO BORDER II,396,GHA,4/11/91,10/5/91,GHANA/TOGO BORDER II,https://drive.google.com/open?id=1Jz59oEUdoum1DVhGTkXJqV0zyR_Wvj_L
YUGOSLAVIA I: CROATIA-SLOVENIA,397,YUG; SLV; CRO,6/25/91,1/3/92,YUGOSLAVIA I: CROATIA-SLOVENIA,https://drive.google.com/open?id=1VnLHxsx5W0PZb9FWvsJSHbyGhJOnPLFu
BUBIYAN,398,KUW,8/28/91,Aug-91,BUBIYAN,https://drive.google.com/open?id=1J92cE2VcYp_N3e7gwvNDr0VmTysr1lGO
FOREIGN INTERV.-ZAIRE,399,BEL; FRN; DRC,9/23/91,11/4/91,FOREIGN INTERV.-ZAIRE,https://drive.google.com/open?id=1oMx2iSGD5t-d9pKbHM2SGkSDwVMulnR2
ECUADOR/PERUBDR. IV,400,ECU; PER,10/6/91,10/15/91,ECUADOR/PERUBDR. IV,https://drive.google.com/open?id=1GTb5yTMhEKEqFDTpWbIXwlA4rPiU8TXb
NAGORNYY-KARABAKH,401,ARM; AZE,11/27/91,Aug-92,NAGORNYY-KARABAKH,https://drive.google.com/open?id=1lJhSiIosJzcROfz4T2LHfpLqB0gGA6BO
EGYPT/SUDAN BDR. II,402,EGY; SUD,Jan-92,Jun-92,EGYPT/SUDAN BDR. II,https://drive.google.com/open?id=1n8o3QMBqkrfmUqlIDT80meAhU-pBQ0Vl
YUGOSLAVIA II: BOSNIA,403,BOS; YUG; CRO,3/3/92,11/21/95,YUGOSLAVIA II: BOSNIA,https://drive.google.com/open?id=1FYg-Y7VPw1TMV-Epmxbeq9KMELMbPQKr
PAPUA/SOLOMON,404,SOL; PNG,3/12/92,Sep-92,PAPUA/SOLOMON,https://drive.google.com/open?id=1IPklAXyDhoENmH8A-nIrxL9KemwozxwG
SLEEPING DOG HILL,405,THI; MYA,3/14/92,12/25/92,SLEEPING DOG HILL,https://drive.google.com/open?id=1y8sIeCPJrnNGd40J3VTtU-hl7wDbJUYZ
IRAQ NO-FLY ZONE,406,IRQ,8/18/92,9/8/92,IRAQ NO-FLY ZONE,https://drive.google.com/open?id=1n3kYMjaKPTnQLEcyImObgmTdMIEwnCsa
GEORGIA/ABKHAZIA,407,GRG,9/25/92,10/8/93,GEORGIA/ABKHAZIA,https://drive.google.com/open?id=1UEyFBZk_QGx6KqiEmr_ZWbYUiRjkBo1E
N. KOREA NUCLEAR I,408,PRK; ROK; USA,Mar-93,10/21/94,N. KOREA NUCLEAR I,https://drive.google.com/open?id=1mbh-md3QErZ10MnYXrggJtM_Eds-KM79
OPTN. ACCOUNTABILITY,409,ISR; LEB,7/10/93,7/31/93,OPTN. ACCOUNTABILITY,https://drive.google.com/file/d/1wkgmcK-W40L82XCnk1OyQQ6bMRVmpGMU/view?usp=drive_link
CAMEROON/NIGERIA III,410,NIG; CAO,Dec-93,Nov-94,CAMEROON/NIGERIA III,https://drive.google.com/open?id=1lKwvMDmF1r6iMufXvFZEZUiGYZrt64yt
HAITI MIL. REGIME,411,USA; HAI,Jul-94,10/15/94,HAITI MIL. REGIME,https://drive.google.com/open?id=1lXZzVMm4gsAFA_HwI1_DqFSDsWn6wdiH
IRAQ DEPLOY./KUWAIT,412,KUW; SAU; USA; IRQ,10/7/94,11/10/94,IRAQ DEPLOY./KUWAIT,https://drive.google.com/open?id=1uF_zK_iwAmDmZo86jRiq7vpWgIXALf2d
ECUADOR/PERU V,413,ECU; PER,1/9/95,3/1/95,ECUADOR/PERU V,https://drive.google.com/open?id=1ozpzWVnouBmZQAZzuVvC6gpOtLo-QVqP
SPRATLY ISLANDS,414,PHI,2/2/95,Feb-95,SPRATLY ISLANDS,https://drive.google.com/open?id=1Wj_bgTvIsudqMRv8ResE2At-KBIXiuCq
TAIWAN STRAIT IV,415,CHN; TAW,5/22/95,3/25/96,TAIWAN STRAIT IV,https://drive.google.com/open?id=1Ktj-NZtfsCwsbinB6zpk1h4hEAlZllh6
RED SEA ISLANDS,416,ERI; YEM,12/15/95,12/31/95,RED SEA ISLANDS,https://drive.google.com/open?id=1BKYQJpe6e5kodNd-XmUCnVkuJCKCGOSU
AEGEAN SEA IV,417,TUR; GRC,1/26/96,1/31/96,AEGEAN SEA IV,https://drive.google.com/open?id=1jZT331PxtBqnzij0Jng7z_nooVvhnu0d
OPRN GRAPES OF WRATH,418,ISR; LEB,4/9/96,4/27/96,OPRN GRAPES OF WRATH,https://drive.google.com/open?id=1dzS5RkG3tWR8opKMFX6qHlfq1uUKmt7o
DESERT STRIKE,419,IRQ; USA,8/31/96,9/14/96,DESERT STRIKE,https://drive.google.com/open?id=1vD8cL1YkYAGEp400PicrDC-UMcU7DjuD
N. KOREAN SUBMARINE,420,ROK; PRK,9/18/96,12/29/96,N. KOREAN SUBMARINE,https://drive.google.com/open?id=1VtUAezwrKQyE_FiUd389Spm_yDo1ipVH
ZAIRE CIVILWAR,421,DRC; RWA,10/8/96,5/16/97,ZAIRE CIVILWAR,https://drive.google.com/open?id=1cnJ537Uj1MlNQUOyzDkpVK6DFo3J5z_j
UNSCOM I,422,USA; IRQ,11/13/97,2/23/98,UNSCOM I,https://drive.google.com/open?id=1NEtuD0hMzE9z3frVil4acoFvUztGUhun
CYPRUS/TURKEY MISSILE,423,TUR; CYP,1/24/98,12/29/98,CYPRUS/TURKEY MISSILE,https://drive.google.com/open?id=1kF7etxSIcn4cm_OOdKWYMFkiNMYwB8Ry
ETHIOPIA-ERITREA I,424,ERI; ETH,5/6/98,12/12/00,ETHIOPIA-ERITREA I,https://drive.google.com/open?id=143mdwSZ-WYM7oLGkzJLM-SRV_d5D6sNo
INDIA/PAKISTAN NUCLEAR TESTS,425,IND; PAK,5/11/98,6/11/98,INDIA/PAKISTAN NUCLEAR TESTS,https://drive.google.com/open?id=1j6EQR5hfnHTdSu5_fF9xwfg4UxTRc3Qp
DRC CIVIL WAR,426,RWA; ANG; CHA; DRC; NAM; ZIM; UGA,7/29/98,7/30/02,DRC CIVIL WAR,https://docs.google.com/document/d/1zaQg-7BUOdZt-U9SnhcMiqfoNi6sOoSJiVDh8i-nQjM/edit?usp=sharing
US EMBASSY BOMBINGS,427,AFG; USA; SUD,8/7/98,8/20/98,US EMBASSY BOMBINGS,https://drive.google.com/open?id=1qxI0amqmDP73-8tbMxokYp2Y64El4bss
SYRIA/TURKEY,428,SYR,10/1/98,10/20/98,SYRIA/TURKEY,https://drive.google.com/open?id=1Y1uGmnJJGFRIo6qhPsww1XDpA_1guGSy
UNSCOM II,429,UKG; USA; IRQ,10/31/98,12/20/98,UNSCOM II,https://drive.google.com/open?id=1kvp5rA_zhCrlWP0FJtMn01p7-rOvqukS
KOSOVO,430,ALB; BEL; CAN; FRN; GFR; ITA; NTH; POR; SPN; UKG; USA; YUG,2/20/99,6/10/99,KOSOVO,https://drive.google.com/open?id=1FGgULs5DxGUtG39UaSLk140oP6d_4KlQ
KARGIL,431,IND; PAK,5/9/99,7/4/99,KARGIL,https://drive.google.com/open?id=1aQi6PLPE05JTuRd6O7obgdA30ol6CIq2
EAST TIMOR II,432,AUL; INS,9/4/99,10/19/99,EAST TIMOR II,https://drive.google.com/open?id=1-m3bCQ6x87NKBEhrL2qXDxcowJdy3J_N
CASPIAN SEA,433,AZE,7/24/01,8/1/01,CASPIAN SEA,https://drive.google.com/open?id=1_aPgTajBSezrPzOCNM3BbqZHvRyyxrMd
AFGHANISTAN/US,434,AFG; PAK; UKG; USA,9/11/01,12/7/01,AFGHANISTAN/US,https://drive.google.com/open?id=1NkD3W8yOd5nheLHphQ2wR2l37sWsbx70
INDIA PARLIAMENT ATTACK,435,IND; PAK,12/13/01,1/12/02,INDIA PARLIAMENT ATTACK,https://drive.google.com/open?id=1vAaS7bZhUnQ4qrIcmh0751CL9od_pts6
KALUCHAK,436,IND; PAK,4/14/02,10/17/02,KALUCHAK,https://drive.google.com/open?id=1YUoOkX6jg1TtkbpjY9-K25eMcQJfx2xx
MYANMAR-THAILAND,437,THI; MYA,5/16/02,10/15/02,MYANMAR-THAILAND,https://drive.google.com/open?id=1nfvog0dphS0qN5rvgaMVpiM0zwhXpl3B
PARSLEY ISLAND,438,SPN; MOR,7/11/02,7/21/02,PARSLEY ISLAND,https://drive.google.com/open?id=19Y7FUIbuTX1-BZxkRkDOvMpRX7ji0C_8
PANKISI GORGE,439,RUS; GRG,7/27/02,10/7/02,PANKISI GORGE,https://drive.google.com/open?id=1R8wCqjrOa2K34eFRCvqIhdGUxk-3zqlI
IRAQ REGIME CHANGE,440,IRQ; UKG; USA,9/12/02,5/1/03,IRAQ REGIME CHANGE,https://drive.google.com/file/d/11GUhdvJd7vdTCw9WpT0kQ8voHc9hACVg/view?usp=sharing
N. KOREA NUCLEAR II,441,USA; PRK,10/4/02,1/6/04,N. KOREA NUCLEAR II,https://drive.google.com/file/d/1IpewDskI1iCB_pd1w6fbJJhiB2azyG2i/view?usp=sharing
IRAN NUCLEAR I,442,FRN; GFR; UKG; IRN,6/13/03,11/15/04,IRAN NUCLEAR I,https://drive.google.com/open?id=1swJBeippZ7mZZrDz_eYYyT8YjQW0S1KZ
HAIFA SUICIDE BOMBING,443,ISR; SYR,10/4/03,12/2/03,HAIFA SUICIDE BOMBING,https://drive.google.com/open?id=10hyjGma_2PHJXO9dE6g8r8dr4dYMnWlw
DRC/RWANDA,444,DRC; RWA,6/1/04,12/20/04,DRC/RWANDA,https://drive.google.com/open?id=1u8PNOwOg84kSSvHDvNV6TMcia2Nd5u-U
S. OSSETIA/ABKHAZIA,445,GRG; RUS,6/10/04,11/5/04,S. OSSETIA/ABKHAZIA,https://drive.google.com/open?id=1WSOu5hf1ZI0WkwOr8egsHYDTxdC31Voa
ETHIOPIA-ERITREA II,446,ETH; ERI,10/4/05,1/11/06,ETHIOPIA-ERITREA II,https://drive.google.com/open?id=19RaJ5XR2r-0jK0r6_JmgHpZtIHCdrtxU
CHAD-SUDAN I,447,CHA; SUD,12/18/05,2/8/06,CHAD-SUDAN I,https://drive.google.com/open?id=1aAMmERxgx1IdY0Ml8jF1KWagos_iKohP
IRAN NUCLEAR II,448,FRN; UKG; USA; IRN,1/10/06,12/4/07,IRAN NUCLEAR II,https://drive.google.com/open?id=1nr1DBBJdYahVHrHgmUvwORFsCSvrqF-0
CHAD-SUDAN II,449,CHA,4/12/06,8/8/06,CHAD-SUDAN II,https://drive.google.com/open?id=1e4PVwBjep5vFjGJOeUEWgFe3uJ-1kgf1
N. KOREA NUCLEAR III,450,USA; PRK,5/5/06,10/3/07,N. KOREA NUCLEAR III,https://drive.google.com/open?id=1JZf5I3LFb89D8OyWKAqvmZnoGq-pvbKn
ISRAEL LEBANON WAR II,451,ISR; LEB,7/12/06,9/8/06,ISRAEL LEBANON WAR II,https://drive.google.com/open?id=1ChUWrf38ZR3yHWetowpdAPXP5_TE-Nkb
ETHIOPIA INVASION SOMALIA,452,ETH,10/9/06,1/2/07,ETHIOPIA INVASION SOMALIA,https://drive.google.com/open?id=1q5zAWQbBtLkgfa3tracGVR0vHuSuhsbr
CHAD-SUDAN III,453,CHA; SUD,3/31/07,4/17/07,CHAD-SUDAN III,https://drive.google.com/open?id=192EX7BUFOjE-GgMDyfcdWWhaNyPS6vuj
ETHIOPIA-ERITREA III,454,ERI; ETH,9/8/07,12/1/07,ETHIOPIA-ERITREA III,https://drive.google.com/open?id=1k8ijpZ7SRFubwb1juQ9a_GeHdb-thIZY
CHAD-SUDAN IV,455,CHA; SUD,12/26/07,8/1/08,CHAD-SUDAN IV,https://drive.google.com/open?id=1XJvjNP89Gyap6ZG1TTx2qd3Ns2UmcVsG
DJIBOUTI-ERITREA,456,DJI; ERI,4/7/08,Jun-08,DJIBOUTI-ERITREA,https://drive.google.com/open?id=18sYm1icog1udgiE1J69z6Z6YsW1vs8h5
PREAH VIHEAR TEMPLE I,457,THI; CAM,7/8/08,8/24/09,PREAH VIHEAR TEMPLE I,https://drive.google.com/open?id=1XloXw1GURgr_S4a_r05wS6MfkZQhB-hW
RUSSO-GEORGIAN WAR,458,GRG; RUS,8/7/08,8/16/08,RUSSO-GEORGIAN WAR,https://drive.google.com/open?id=1zfb321FoS2bVrdo02ddeaijrgpxYQGCx
N. KOREA NUCLEAR IV,459,USA; ROK; JPN; PRK,3/11/09,8/4/09,N. KOREA NUCLEAR IV,https://drive.google.com/open?id=1BYhSaH5xeCt0BFb3n4FerMqDuPOGkJ_h
CHAD-SUDAN V,460,CHA; SUD,5/5/09,2/9/10,CHAD-SUDAN V,https://drive.google.com/open?id=1XYwknSFoa41CJlhQ8atY1JTgC-e-jgth
CHEONAN SINKING,461,ROK; PRK,3/26/10,7/26/10,CHEONAN SINKING,https://drive.google.com/open?id=1QqDUQ3o2_-957i-YGO0Zv_wdkXXHbD-d
YEONPYEONG ISLAND,462,PRK; ROK,11/23/10,6/19/11,YEONPYEONG ISLAND,https://drive.google.com/open?id=1qRIgGYseKpC1v2xuij9GfcGTe84w5Ukz
PREAH VIHEAR TEMPLE II,463,THI; CAM,2/4/11,12/21/11,PREAH VIHEAR TEMPLE II,https://drive.google.com/open?id=1bz3ri2kml_D8hO3VbjULuYmK-bO9Zrov
LIBYAN CIVILWAR,464,USA; UKG; FRN; CAN; ITA; QAT; LIB,2/22/11,10/20/11,LIBYAN CIVILWAR,https://drive.google.com/open?id=1Kw73RR97-o7uhDq-55dcr4Sh0YeIos_E
COTE D'IVOIRE PRESIDENTIAL CRISIS,465,CDI,4/3/11,4/11/11,COTE D'IVOIRE PRESIDENTIAL CRISIS,https://drive.google.com/open?id=1PXEWWbON8nd3DMPy3Tx1H9XblV2TkJn3
SUDAN-SOUTH SUDAN,466,SUD; SSD,5/19/11,9/27/12,SUDAN-SOUTH SUDAN,https://drive.google.com/open?id=17RFzQa4l1TO2uVY4cleQHMM8HQIOgnYT
SCARBOROUGH SHOAL,467,PHI,4/10/12,6/15/12,SCARBOROUGH SHOAL,https://drive.google.com/open?id=1YYvE94Qxx_eIR8N0_QtL9ey4jTRGTIrA
SYRIA-TURKEY BORDER INCIDENTS,468,TUR,10/3/12,12/4/12,SYRIA-TURKEY BORDER INCIDENTS,https://drive.google.com/open?id=1FIUvPqW5X_8R1dJR89xHrd1_K4Vf_oiB
N. KOREA NUCLEAR V,469,ROK; USA; JPN; PRK,2/12/13,8/14/13,N. KOREA NUCLEAR V,https://drive.google.com/open?id=1O3IhbPiXe6xinQwNjRXgXMWwnzEYojXr
SYRIA CHEMICAL WEAPONS,470,USA; SYR,8/21/13,9/21/13,SYRIA CHEMICAL WEAPONS,https://drive.google.com/open?id=1HX1NRAJh2oJHQZWzsyBskHQte2LaRNge
CRIMEA-DONBAS,471,RUS; UKR,2/22/14,2/18/15,CRIMEA-DONBAS,https://drive.google.com/file/d/12a6CXFjX1th6eLoyV-ivxie2gbEF8nyN/view?usp=share_link
CHINESE OIL RIG,472,DRV; CHN,5/2/14,7/16/14,CHINESE OIL RIG,https://drive.google.com/open?id=1DDBrGmG8B4tY4xxK7UdrPP3QQ78TGo22
INDIA-PAKISTAN BORDER FIRING,473,IND; PAK,10/6/14,Oct-14,INDIA-PAKISTAN BORDER FIRING,https://drive.google.com/open?id=1ivPLJmsrXpic6k8ltl7o5P9lPgJrd8CS
HOUTHI REBELLION,474,SAU; UAE,,,HOUTHI REBELLION,https://drive.google.com/file/d/1OZ7bMgOSVexh0y4mEBNpV93Ypq_Cce4C/view?usp=share_link
KOREAN LAND MINE,475,ROK; PRK,Aug-15,8/25/15,KOREAN LAND MINE,https://drive.google.com/open?id=1uY7TXE52_Ejd0cIitQdlZUx6TP7Myvre
TURKEY-RUSSIA JET INCIDENT,476,TUR; RUS; DEN; FRN; GFR; UKG; USA,11/24/15,6/29/16,TURKEY-RUSSIA JET INCIDENT,https://drive.google.com/open?id=1rbdA6VLl43q1igHBYNDlCztjlo8mTKTC
NORTH KOREA NUCLEAR VI,477,ROK; USA; JPN; PRK,1/6/16,Dec-16,NORTH KOREA NUCLEAR VI,https://drive.google.com/file/d/14aSNL5xHTHh8xw1VKWXZIbyVQOG8C1FP/view?usp=sharing
NAGORNO-KARABAKH APRIL WAR,478,ARM; AZE,4/1/16,4/5/16,NAGORNO-KARABAKH APRIL WAR,https://drive.google.com/file/d/1MauR55EHlj2MQQIuKiYnCUlc4Z_X_a__/view?usp=drive_link
EAST CHINA SEA,479,JPN,6/9/16,6/14/16,EAST CHINA SEA,https://drive.google.com/file/d/1PWlgiczWCBqJLahISj447XKuGjF5nvfn/view?usp=sharing
TORKHAM BORDER INCIDENT,480,AFG; PAK,6/12/16,6/15/16,TORKHAM BORDER INCIDENT,https://drive.google.com/file/d/1ucZOXKDslJIl3HIca-vkfBAVzSx8wKsZ/view?usp=sharing
OPERATION EUPHRATES SHIELD,481,SYR; TUR,8/24/16,3/29/17,OPERATION EUPHRATES SHIELD,https://drive.google.com/file/d/1Ofkp6HyEivTU0FXT-04O93LebeezHuQg/view?usp=sharing
URI BASE ATTACK,482,IND; PAK,9/18/16,9/20/16,URI BASE ATTACK,https://drive.google.com/file/d/1omZhAFJO0hFAuI2Swq7xDV3FlDx_VZxx/view?usp=sharing
KISANGANI CONFLICT,483,UGA; RWA,8/7/99,11/6/01,KISANGANI CONFLICT,https://drive.google.com/file/d/1B7KSpxgkPkf9XDh4j2d9GdwD0fMatk5S/view?usp=sharing
SERBIAN TRAIN INCIDENT,484,SER; KOS,1/14/17,Feb-17,SERBIAN TRAIN INCIDENT,https://drive.google.com/file/d/1N54g4SrusuqWHK6aIpsOp6IqP_IL3hi3/view?usp=sharing
SHRINE LAL SHAHBAZ ATTACK,485,AFG; PAK,2/16/17,5/27/17,SHRINE LAL SHAHBAZ ATTACK,https://drive.google.com/file/d/14ybSn1ihUNvSBQkklrBS2zQuSTToXwKJ/view?usp=sharing
SYRIA CHEMICAL WEAPONS II,486,USA; RUS; SYR,4/4/17,4/24/17,SYRIA CHEMICAL WEAPONS II,https://drive.google.com/file/d/18c9UTD1f5XUoCuv-JtoZ2msGkhh0hyN6/view?usp=sharing
NORTH KOREA NUCLEAR VII,487,USA; ROK; JPN; PRK,7/3/17,6/12/18,NORTH KOREA NUCLEAR VII,https://drive.google.com/file/d/1G0zsbzf3aIR4BzRvoGe2TbfyTF05VpvX/view?usp=sharing
ISRAEL-IRAN CLASHES IN SYRIA,488,ISR; IRN,2/10/18,5/10/18,ISRAEL-IRAN CLASHES IN SYRIA,https://drive.google.com/file/d/15uXBEOCnXBO1ac7DqByLRODuQxuGQVFx/view?usp=share_link
SYRIA CHEMICAL WEAPONS III,489,USA; UKG; FRN; SYR; RUS,4/7/18,4/14/18,SYRIA CHEMICAL WEAPONS III,https://drive.google.com/file/d/1Cx3LYPW6zO0cxktulgKbDVU8zGNpS-n_/view?usp=share_link
UAE WITHDRAWAL FROM SOMALIA,490,SOM,4/15/18,4/22/18,UAE WITHDRAWAL FROM SOMALIA,https://drive.google.com/file/d/1KnPSDvws0muP3vrEkKEkqFPaREyVsAsV/view?usp=share_link
SEA OF AZOV,491,RUS; UKR,9/6/18,12/29/18,SEA OF AZOV,https://drive.google.com/file/d/1gB3ccAbto854lc6L7si8qBB1VZ02hiCY/view?usp=share_link
ISRAEL-IRAN CLASHES IN SYRIA II,492,ISR; IRN; SYR,1/20/19,2/13/19,ISRAEL-IRAN CLASHES IN SYRIA II,https://drive.google.com/file/d/1iRLPPpdM7-48RymWnY4M04BCH8PAhcWc/view?usp=share_link
VENEZUELAN ELECTION,493,VEN,1/23/19,5/10/19,VENEZUELAN ELECTION,https://drive.google.com/file/d/1TB8A_S0nnOXzR40tEfa-p4L8diOz45Gp/view?usp=share_link
PULWAMA SUICIDE BOMBING,494,IND; PAK,2/14/19,3/1/19,PULWAMA SUICIDE BOMBING,https://drive.google.com/file/d/1JL4cXpQPQ-pbqrFttrqbQ7y3-T4XdoWJ/view?usp=share_link
SOLEIMANI ASSASSINATION,495,IRN; USA,6/18/19,1/8/20,SOLEIMANI ASSASSINATION,https://drive.google.com/file/d/1jfNGLhtb-T2PC2qRDrdnah4Zki-gRGgL/view?usp=share_link
ABQAIQ OIL STRIKE,496,SAU; USA; IRN,9/14/19,10/30/19,ABQAIQ OIL STRIKE,https://drive.google.com/file/d/1uCS8RK9eogO5dHVTWikaqGMxdrqDLsQ1/view?usp=share_link
DETENTION OF HARIRI,497,LEB,11/4/17,11/21/17,DETENTION OF HARIRI,https://drive.google.com/file/d/11ptfxMd12lx5Gmzxz4fqJjfXPIwt5tno/view?usp=drive_link
OPERATION SPRING SHIELD,498,TUR; RUS; SYR,2/27/20,3/5/20,OPERATION SPRING SHIELD,https://drive.google.com/file/d/1O_nTrB8A8uhyHHcW8uBauo7sAPLDOc5K/view?usp=drive_link
GALWAN VALLEY BORDER CLASH,499,IND; CHN,5/5/20,2/10/21,GALWAN VALLEY BORDER CLASH,https://drive.google.com/file/d/1OfuFV_Rfsq5IQ-QpjUbnVrK_ezQs73ZC/view?usp=drive_link
POST-PANMUNJOM TENSIONS,500,ROK,6/9/20,6/23/20,POST-PANMUNJOM TENSIONS,https://drive.google.com/file/d/1WFeAxFWvU1D_z-sw676K59vg0MITBigi/view?usp=drive_link
US-TAIWAN DIPLOMATIC VISITS I,501,TAW; CHN,9/15/20,10/17/20,US-TAIWAN DIPLOMATIC VISITS I,https://drive.google.com/file/d/12sF9APQOMyGvrli-idoBhl7lSHBN3xZv/view?usp=drive_link
SECOND NAGORNO-KARABAKH WAR,502,ARM; AZE,9/27/20,11/9/20,SECOND NAGORNO-KARABAKH WAR,https://drive.google.com/file/d/1pVmLbnLEN-Cjgy4LWzkYwtvoL_mKlUvk/view?usp=drive_link
INDIA-PAKISTAN BORDER FIRING II,503,IND; PAK,11/13/20,2/25/21,INDIA-PAKISTAN BORDER FIRING II,https://drive.google.com/file/d/1tsujGuj_CxbIqkcDP6uH256TKQeLvJki/view?usp=drive_link
FAKHRIZADEH ASSASSINATION,504,IRN,11/27/20,12/3/20,FAKHRIZADEH ASSASSINATION,https://drive.google.com/file/d/1qrXv81t36O60mmpcw2f4RLZfawT68xOa/view?usp=drive_link
AL-FASHAGA TERRITORY CLASHES,505,SUD; ETH,12/15/20,12/1/22,AL-FASHAGA TERRITORY CLASHES,https://drive.google.com/file/d/1XkqDz_914TRO7nWDvkMs4X6hiX3MCg3x/view?usp=drive_link
US VISIT TO WESTERN SAHARA,506,ALG,1/9/21,1/18/21,US VISIT TO WESTERN SAHARA,https://drive.google.com/file/d/1fjoLb47a-WeapqgKZxvvM2rA2ycgnGzS/view?usp=drive_link
US-TAIWAN DIPLOMATIC VISITS II,507,CHN; TAW,1/9/21,11/15/21,US-TAIWAN DIPLOMATIC VISITS II,https://drive.google.com/file/d/1bKPGy2rg3lr1hvssnpQFiZEGzjEedVZ4/view?usp=drive_link
ISRAEL-IRAN CLASHES IN SYRIA III,508,SYR; IRN,1/13/21,1/22/21,ISRAEL-IRAN CLASHES IN SYRIA II,https://drive.google.com/file/d/1FOOSZHTlG4oJx-5QY_kgvCL3hIDtStYz/view?usp=drive_link
CHINA COAST GUARD LAW,509,JPN,1/22/21,5/17/21,CHINA COAST GUARD LAW,https://drive.google.com/file/d/1VHYIjwbeo5NL-0HJUlCzkcV2EwmeVARQ/view?usp=drive_link
RUSSIAN INVASION OF UKRAINE,510,Not yet coded,,,Not yet coded,
KOK-TASH WATER FACILITY,511,KYR; TAJ,4/28/21,5/1/21,KOK-TASH WATER FACILITY,https://drive.google.com/file/d/1Xj-qOl2uiKDkgCycgR1J1p6e85CudSUp/view?usp=drive_link
KOSOVO LICENSE PLATE DISPUTE,512,YUG; KOS,9/20/21,9/30/21,KOSOVO LICENSE PLATE DISPUTE,https://drive.google.com/file/d/1IAElgXRBGP66_KY5T02K9KzBuYKcJMTK/view?usp=drive_link